domain,source,matched_categories,matched_keywords,online,registration_date,expiration_date,dgad_is_dga,dgad_binary_label,dgad_binary_score,dgad_family_label,dgad_family_score,timestamp
0-pi6mz.net,ICANN,blacklistKeywords_phishing,id,False,,,False,unknown,0.0,,0.0,2025-09-03T01:39:26.162309
0.org,ICANN,blacklistKeywords_phishing,id,False,,,False,unknown,0.0,,0.0,2025-09-03T01:39:26.990714
00is-6ig3y-qofk7h.net,ICANN,blacklistKeywords_phishing,id,False,,,False,unknown,0.0,,0.0,2025-09-03T01:39:26.357116
01yog2-op53.app,ICANN,blacklistKeywords_phishing,id,False,,,False,unknown,0.0,,0.0,2025-09-03T01:39:26.657160
09bp-9w-wft.com,ICANN,blacklistKeywords_phishing,id,False,,,False,unknown,0.0,,0.0,2025-09-03T01:39:26.538644
0a222g.org,ICANN,blacklistKeywords_phishing,id,False,,,False,unknown,0.0,,0.0,2025-09-03T01:39:26.345135
0abj0-1ffff-fgn7z3.net,ICANN,blacklistKeywords_phishing,id,False,,,False,unknown,0.0,,0.0,2025-09-03T01:39:26.363615
0b-uxg8q-qdx7.xyz,ICANN,blacklistKeywords_phishing,id,False,,,False,unknown,0.0,,0.0,2025-09-03T01:39:26.847828
0b1uj-hwpz.net,ICANN,blacklistKeywords_phishing,id,False,,,False,unknown,0.0,,0.0,2025-09-03T01:39:26.391898
0bpht-o2xvlj.xyz,ICANN,blacklistKeywords_phishing,id,False,,,False,unknown,0.0,,0.0,2025-09-03T01:39:26.296807
0gennj-c.io,ICANN,blacklistKeywords_phishing,id,False,,,False,unknown,0.0,,0.0,2025-09-03T01:39:26.369681
0j12-ey-4.org,ICANN,blacklistKeywords_phishing,id,False,,,False,unknown,0.0,,0.0,2025-09-03T01:39:26.335389
0t4hw-6j-mrh.org,ICANN,blacklistKeywords_phishing,id,False,,,False,unknown,0.0,,0.0,2025-09-03T01:39:26.522242
0yd7-je8unj-j.dev,ICANN,blacklistKeywords_phishing,id,False,,,False,unknown,0.0,,0.0,2025-09-03T01:39:26.864317
0yj1.org,ICANN,blacklistKeywords_phishing,id,False,,,False,unknown,0.0,,0.0,2025-09-03T01:39:26.121717
1-6wzivk.net,ICANN,blacklistKeywords_phishing,id,False,,,False,unknown,0.0,,0.0,2025-09-03T01:39:26.463525
1.dev,ICANN,blacklistKeywords_phishing,id,False,,,False,unknown,0.0,,0.0,2025-09-03T01:39:26.343032
10-q-nm.xyz,ICANN,blacklistKeywords_phishing,id,False,,,False,unknown,0.0,,0.0,2025-09-03T01:39:26.561173
1499.io,ICANN,blacklistKeywords_phishing,id,False,,,False,unknown,0.0,,0.0,2025-09-03T01:39:26.839200
1hc6-e5r.dev,ICANN,blacklistKeywords_phishing,id,False,,,False,unknown,0.0,,0.0,2025-09-03T01:39:26.315427
1igxd-fr.org,ICANN,blacklistKeywords_phishing,id,False,,,False,unknown,0.0,,0.0,2025-09-03T01:39:26.894379
1io5u-ajn1pi-l0i.com,ICANN,blacklistKeywords_phishing,id,False,,,False,unknown,0.0,,0.0,2025-09-03T01:39:26.245496
1k2adv-38kw8.org,ICANN,blacklistKeywords_phishing,id,False,,,False,unknown,0.0,,0.0,2025-09-03T01:39:26.124032
1kpi-0ln00b-6nqt.app,ICANN,blacklistKeywords_phishing,id,False,,,False,unknown,0.0,,0.0,2025-09-03T01:39:26.612267
1oo3-e-y.io,ICANN,blacklistKeywords_phishing,id,False,,,False,unknown,0.0,,0.0,2025-09-03T01:39:26.433999
1pw-56min1.app,ICANN,blacklistKeywords_phishing,id,False,,,False,unknown,0.0,,0.0,2025-09-03T01:39:26.064460
1ry1g-lt.app,ICANN,blacklistKeywords_phishing,id,False,,,False,unknown,0.0,,0.0,2025-09-03T01:39:26.515234
1t-qd.net,ICANN,blacklistKeywords_phishing,id,False,,,False,unknown,0.0,,0.0,2025-09-03T01:39:26.064413
1tp07q-r24p.dev,ICANN,blacklistKeywords_phishing,id,False,,,False,unknown,0.0,,0.0,2025-09-03T01:39:26.466048
1v5ejr-ni-xhy.io,ICANN,blacklistKeywords_phishing,id,False,,,False,unknown,0.0,,0.0,2025-09-03T01:39:26.022681
1v926.xyz,ICANN,blacklistKeywords_phishing,id,False,,,False,unknown,0.0,,0.0,2025-09-03T01:39:26.924368
1zlh.org,ICANN,blacklistKeywords_phishing,id,False,,,False,unknown,0.0,,0.0,2025-09-03T01:39:26.015133
2.com,ICANN,blacklistKeywords_phishing,id,False,,,False,unknown,0.0,,0.0,2025-09-03T01:39:26.335027
202n-1s.dev,ICANN,blacklistKeywords_phishing,id,False,,,False,unknown,0.0,,0.0,2025-09-03T01:39:26.020237
21dxtr-s15sj-6auw9.com,ICANN,blacklistKeywords_phishing,id,False,,,False,unknown,0.0,,0.0,2025-09-03T01:39:26.132581
22-cv-jnl7c4.dev,ICANN,blacklistKeywords_phishing,id,False,,,False,unknown,0.0,,0.0,2025-09-03T01:39:26.384831
22hq7c.app,ICANN,blacklistKeywords_phishing,id,False,,,False,unknown,0.0,,0.0,2025-09-03T01:39:26.495695
22ks-zm-0.io,ICANN,blacklistKeywords_phishing,id,False,,,False,unknown,0.0,,0.0,2025-09-03T01:39:26.248900
25338f.io,ICANN,blacklistKeywords_phishing,id,False,,,False,unknown,0.0,,0.0,2025-09-03T01:39:26.826033
26wdy.org,ICANN,blacklistKeywords_phishing,id,False,,,False,unknown,0.0,,0.0,2025-09-03T01:39:26.120844
28k-irxv8o.dev,ICANN,blacklistKeywords_phishing,id,False,,,False,unknown,0.0,,0.0,2025-09-03T01:39:26.334814
29m71-j5v-h.io,ICANN,blacklistKeywords_phishing,id,False,,,False,unknown,0.0,,0.0,2025-09-03T01:39:26.832905
29y-eib1-abpv9.xyz,ICANN,blacklistKeywords_phishing,id,False,,,False,unknown,0.0,,0.0,2025-09-03T01:39:26.335362
2d8r.dev,ICANN,blacklistKeywords_phishing,id,False,,,False,unknown,0.0,,0.0,2025-09-03T01:39:26.918800
2m5u0c-lmljmm.app,ICANN,blacklistKeywords_phishing,id,False,,,False,unknown,0.0,,0.0,2025-09-03T01:39:26.305370
2q3s7.app,ICANN,blacklistKeywords_phishing,id,False,,,False,unknown,0.0,,0.0,2025-09-03T01:39:26.929104
2ti-m.io,ICANN,blacklistKeywords_phishing,id,False,,,False,unknown,0.0,,0.0,2025-09-03T01:39:26.874389
2x-63-3pre8u.io,ICANN,blacklistKeywords_phishing,id,False,,,False,unknown,0.0,,0.0,2025-09-03T01:39:26.532795
2y7wdd-sr.com,ICANN,blacklistKeywords_phishing,id,False,,,False,unknown,0.0,,0.0,2025-09-03T01:39:26.371292
2yu7p.org,ICANN,blacklistKeywords_phishing,id,False,,,False,unknown,0.0,,0.0,2025-09-03T01:39:26.757972
2z3s.net,ICANN,blacklistKeywords_phishing,id,False,,,False,unknown,0.0,,0.0,2025-09-03T01:39:26.166428
3-e8b6y-3a2fw3.app,ICANN,blacklistKeywords_phishing,id,False,,,False,unknown,0.0,,0.0,2025-09-03T01:39:26.971839
3-veoeb1.io,ICANN,blacklistKeywords_phishing,id,False,,,False,unknown,0.0,,0.0,2025-09-03T01:39:26.975423
3.org,ICANN,blacklistKeywords_phishing,id,False,,,False,unknown,0.0,,0.0,2025-09-03T01:39:26.780694
33.net,ICANN,blacklistKeywords_phishing,id,False,,,False,unknown,0.0,,0.0,2025-09-03T01:39:26.308566
396x6q-b.xyz,ICANN,blacklistKeywords_phishing,id,False,,,False,unknown,0.0,,0.0,2025-09-03T01:39:26.220239
3b56e-08.net,ICANN,blacklistKeywords_phishing,id,False,,,False,unknown,0.0,,0.0,2025-09-03T01:39:26.292699
3bsiqe.xyz,ICANN,blacklistKeywords_phishing,id,False,,,False,unknown,0.0,,0.0,2025-09-03T01:39:26.107648
3jqf-lze3g.app,ICANN,blacklistKeywords_phishing,id,False,,,False,unknown,0.0,,0.0,2025-09-03T01:39:26.281973
3l5e-xr0xk.dev,ICANN,blacklistKeywords_phishing,id,False,,,False,unknown,0.0,,0.0,2025-09-03T01:39:26.769446
3r5vjc.com,ICANN,blacklistKeywords_phishing,id,False,,,False,unknown,0.0,,0.0,2025-09-03T01:39:26.185373
3rkf-uu0.app,ICANN,blacklistKeywords_phishing,id,False,,,False,unknown,0.0,,0.0,2025-09-03T01:39:26.537408
3t8-neyh.org,ICANN,blacklistKeywords_phishing,id,False,,,False,unknown,0.0,,0.0,2025-09-03T01:39:26.208897
3urybl-l8d.com,ICANN,blacklistKeywords_phishing,id,False,,,False,unknown,0.0,,0.0,2025-09-03T01:39:26.592195
4-8o9.io,ICANN,blacklistKeywords_phishing,id,False,,,False,unknown,0.0,,0.0,2025-09-03T01:39:26.664387
4-szkwr-367lvp.xyz,ICANN,blacklistKeywords_phishing,id,False,,,False,unknown,0.0,,0.0,2025-09-03T01:39:26.703248
46-jvnsd-6.org,ICANN,blacklistKeywords_phishing,id,False,,,False,unknown,0.0,,0.0,2025-09-03T01:39:26.088626
47.org,ICANN,blacklistKeywords_phishing,id,False,,,False,unknown,0.0,,0.0,2025-09-03T01:39:26.002035
4eqi-e0y9d-x.app,ICANN,blacklistKeywords_phishing,id,False,,,False,unknown,0.0,,0.0,2025-09-03T01:39:26.751491
4gr1-f-fm76f.app,ICANN,blacklistKeywords_phishing,id,False,,,False,unknown,0.0,,0.0,2025-09-03T01:39:26.168288
4h-1gk79d.dev,ICANN,blacklistKeywords_phishing,id,False,,,False,unknown,0.0,,0.0,2025-09-03T01:39:26.347031
4j80b-3i.org,ICANN,blacklistKeywords_phishing,id,False,,,False,unknown,0.0,,0.0,2025-09-03T01:39:26.708092
4jt-jqflz.net,ICANN,blacklistKeywords_phishing,id,False,,,False,unknown,0.0,,0.0,2025-09-03T01:39:26.742401
4oyh-4jqh-wk.org,ICANN,blacklistKeywords_phishing,id,False,,,False,unknown,0.0,,0.0,2025-09-03T01:39:26.925368
4ptl-dby-0j0bu.org,ICANN,blacklistKeywords_phishing,id,False,,,False,unknown,0.0,,0.0,2025-09-03T01:39:26.348794
4qn.app,ICANN,blacklistKeywords_phishing,id,False,,,False,unknown,0.0,,0.0,2025-09-03T01:39:26.873658
4wcemg-2qy-ij.xyz,ICANN,blacklistKeywords_phishing,id,False,,,False,unknown,0.0,,0.0,2025-09-03T01:39:26.385549
4wnn-b7grs.io,ICANN,blacklistKeywords_phishing,id,False,,,False,unknown,0.0,,0.0,2025-09-03T01:39:26.978581
4z9-b0.com,ICANN,blacklistKeywords_phishing,id,False,,,False,unknown,0.0,,0.0,2025-09-03T01:39:26.530825
5.dev,ICANN,blacklistKeywords_phishing,id,False,,,False,unknown,0.0,,0.0,2025-09-03T01:39:26.725821
51vk-gn-ldy.com,ICANN,blacklistKeywords_phishing,id,False,,,False,unknown,0.0,,0.0,2025-09-03T01:39:26.748929
52082e.net,ICANN,blacklistKeywords_phishing,id,False,,,False,unknown,0.0,,0.0,2025-09-03T01:39:26.495458
57qik-4brv8-z4.io,ICANN,blacklistKeywords_phishing,id,False,,,False,unknown,0.0,,0.0,2025-09-03T01:39:26.051565
58do.xyz,ICANN,blacklistKeywords_phishing,id,False,,,False,unknown,0.0,,0.0,2025-09-03T01:39:26.866262
5gcyp8-yd1ijb.app,ICANN,blacklistKeywords_phishing,id,False,,,False,unknown,0.0,,0.0,2025-09-03T01:39:26.945867
5kh4my-t72mk.app,ICANN,blacklistKeywords_phishing,id,False,,,False,unknown,0.0,,0.0,2025-09-03T01:39:26.453616
5p.io,ICANN,blacklistKeywords_phishing,id,False,,,False,unknown,0.0,,0.0,2025-09-03T01:39:26.486652
5q-cd.net,ICANN,blacklistKeywords_phishing,id,False,,,False,unknown,0.0,,0.0,2025-09-03T01:39:26.776391
5zfom3-5e.app,ICANN,blacklistKeywords_phishing,id,False,,,False,unknown,0.0,,0.0,2025-09-03T01:39:26.927057
6-x1y.io,ICANN,blacklistKeywords_phishing,id,False,,,False,unknown,0.0,,0.0,2025-09-03T01:39:26.224686
6.io,ICANN,blacklistKeywords_phishing,id,True,2003-09-29 10:24:02,2028-04-30 12:00:00,False,unknown,0.0,,0.0,2025-09-03T01:39:26.271709
6.xyz,ICANN,blacklistKeywords_phishing,id,False,,,False,unknown,0.0,,0.0,2025-09-03T01:39:26.042936
6002k6-8n5l-8chs.org,ICANN,blacklistKeywords_phishing,id,False,,,False,unknown,0.0,,0.0,2025-09-03T01:39:26.738825
61wepi.org,ICANN,blacklistKeywords_phishing,id,False,,,False,unknown,0.0,,0.0,2025-09-03T01:39:26.381065
68bk4-6g.xyz,ICANN,blacklistKeywords_phishing,id,False,,,False,unknown,0.0,,0.0,2025-09-03T01:39:26.660650
68tc2-aooe.xyz,ICANN,blacklistKeywords_phishing,id,False,,,False,unknown,0.0,,0.0,2025-09-03T01:39:26.872704
6bw3c.net,ICANN,blacklistKeywords_phishing,id,False,,,False,unknown,0.0,,0.0,2025-09-03T01:39:26.331326
6g7.xyz,ICANN,blacklistKeywords_phishing,id,False,,,False,unknown,0.0,,0.0,2025-09-03T01:39:26.014203
6nymh3-6uwtwg.io,ICANN,blacklistKeywords_phishing,id,False,,,False,unknown,0.0,,0.0,2025-09-03T01:39:26.417260
6p-1-j5b.dev,ICANN,blacklistKeywords_phishing,id,False,,,False,unknown,0.0,,0.0,2025-09-03T01:39:26.474347
6qqu1-lt-h3.io,ICANN,blacklistKeywords_phishing,id,False,,,False,unknown,0.0,,0.0,2025-09-03T01:39:26.524078
6s44d3-jybnk.xyz,ICANN,blacklistKeywords_phishing,id,False,,,False,unknown,0.0,,0.0,2025-09-03T01:39:26.746580
7a0iko.xyz,ICANN,blacklistKeywords_phishing,id,False,,,False,unknown,0.0,,0.0,2025-09-03T01:39:26.387868
7av8z3-wu.org,ICANN,blacklistKeywords_phishing,id,False,,,False,unknown,0.0,,0.0,2025-09-03T01:39:26.589316
7do2g-p2ccg-tfb3ok.net,ICANN,blacklistKeywords_phishing,id,False,,,False,unknown,0.0,,0.0,2025-09-03T01:39:26.415719
7ex59.xyz,ICANN,blacklistKeywords_phishing,id,False,,,False,unknown,0.0,,0.0,2025-09-03T01:39:26.708757
7gw3xy-v9vi.xyz,ICANN,blacklistKeywords_phishing,id,False,,,False,unknown,0.0,,0.0,2025-09-03T01:39:26.534810
7hlki-ft-gwf8p.xyz,ICANN,blacklistKeywords_phishing,id,False,,,False,unknown,0.0,,0.0,2025-09-03T01:39:26.592790
7jj.io,ICANN,blacklistKeywords_phishing,id,False,,,False,unknown,0.0,,0.0,2025-09-03T01:39:26.084408
7lnc2.io,ICANN,blacklistKeywords_phishing,id,False,,,False,unknown,0.0,,0.0,2025-09-03T01:39:26.358199
7o.dev,ICANN,blacklistKeywords_phishing,id,False,,,False,unknown,0.0,,0.0,2025-09-03T01:39:26.527260
7oxq.app,ICANN,blacklistKeywords_phishing,id,False,,,False,unknown,0.0,,0.0,2025-09-03T01:39:26.909687
7u6.dev,ICANN,blacklistKeywords_phishing,id,False,,,False,unknown,0.0,,0.0,2025-09-03T01:39:26.685358
7xo6db-h83.net,ICANN,blacklistKeywords_phishing,id,False,,,False,unknown,0.0,,0.0,2025-09-03T01:39:26.657711
81bane-mk13e-f.io,ICANN,blacklistKeywords_phishing,id,False,,,False,unknown,0.0,,0.0,2025-09-03T01:39:26.764524
83-ds-hpbw.io,ICANN,blacklistKeywords_phishing,id,False,,,False,unknown,0.0,,0.0,2025-09-03T01:39:26.992085
836ljf-rq8.net,ICANN,blacklistKeywords_phishing,id,False,,,False,unknown,0.0,,0.0,2025-09-03T01:39:26.355676
855j6a-e-r4k.app,ICANN,blacklistKeywords_phishing,id,False,,,False,unknown,0.0,,0.0,2025-09-03T01:39:26.587752
85k-mb4rf.io,ICANN,blacklistKeywords_phishing,id,False,,,False,unknown,0.0,,0.0,2025-09-03T01:39:26.028220
87e.app,ICANN,blacklistKeywords_phishing,id,False,,,False,unknown,0.0,,0.0,2025-09-03T01:39:26.581424
8bxt-q2.xyz,ICANN,blacklistKeywords_phishing,id,False,,,False,unknown,0.0,,0.0,2025-09-03T01:39:26.461496
8d0zgl.app,ICANN,blacklistKeywords_phishing,id,False,,,False,unknown,0.0,,0.0,2025-09-03T01:39:26.321762
8f.com,ICANN,blacklistKeywords_phishing,id,False,,,False,unknown,0.0,,0.0,2025-09-03T01:39:26.568537
8j9i-hdp1y.com,ICANN,blacklistKeywords_phishing,id,False,,,False,unknown,0.0,,0.0,2025-09-03T01:39:26.731588
8n-5bl-m21u.net,ICANN,blacklistKeywords_phishing,id,False,,,False,unknown,0.0,,0.0,2025-09-03T01:39:26.259768
8nn5-i5-xry1.app,ICANN,blacklistKeywords_phishing,id,False,,,False,unknown,0.0,,0.0,2025-09-03T01:39:26.230100
8o.com,ICANN,blacklistKeywords_phishing,id,True,,,False,unknown,0.0,,0.0,2025-09-03T01:39:26.295487
8qn4l7-g1oxz.xyz,ICANN,blacklistKeywords_phishing,id,False,,,False,unknown,0.0,,0.0,2025-09-03T01:39:26.707498
8qzlr.dev,ICANN,blacklistKeywords_phishing,id,False,,,False,unknown,0.0,,0.0,2025-09-03T01:39:26.099280
8ts-16.org,ICANN,blacklistKeywords_phishing,id,False,,,False,unknown,0.0,,0.0,2025-09-03T01:39:26.129204
8ub0ih-z-bf.xyz,ICANN,blacklistKeywords_phishing,id,False,,,False,unknown,0.0,,0.0,2025-09-03T01:39:26.322708
8xk-k6um3m.app,ICANN,blacklistKeywords_phishing,id,False,,,False,unknown,0.0,,0.0,2025-09-03T01:39:26.094277
8xvin-7l569-qzsclx.xyz,ICANN,blacklistKeywords_phishing,id,False,,,False,unknown,0.0,,0.0,2025-09-03T01:39:26.097935
95lrpj-c7cl05.com,ICANN,blacklistKeywords_phishing,id,False,,,False,unknown,0.0,,0.0,2025-09-03T01:39:26.911140
96brl-zvs0.io,ICANN,blacklistKeywords_phishing,id,False,,,False,unknown,0.0,,0.0,2025-09-03T01:39:26.845244
9857-m3hqfg-y9grlb.net,ICANN,blacklistKeywords_phishing,id,False,,,False,unknown,0.0,,0.0,2025-09-03T01:39:26.814822
9l2lx.dev,ICANN,blacklistKeywords_phishing,id,False,,,False,unknown,0.0,,0.0,2025-09-03T01:39:26.134978
9m4e7.com,ICANN,blacklistKeywords_phishing,id,False,,,False,unknown,0.0,,0.0,2025-09-03T01:39:26.532482
9mh-f8zyp.com,ICANN,blacklistKeywords_phishing,id,False,,,False,unknown,0.0,,0.0,2025-09-03T01:39:26.910881
9o.dev,ICANN,blacklistKeywords_phishing,id,False,,,False,unknown,0.0,,0.0,2025-09-03T01:39:26.964071
9sd-89j.net,ICANN,blacklistKeywords_phishing,id,False,,,False,unknown,0.0,,0.0,2025-09-03T01:39:26.214473
9uz-xa34oe-w.app,ICANN,blacklistKeywords_phishing,id,False,,,False,unknown,0.0,,0.0,2025-09-03T01:39:26.413945
a-olv.com,ICANN,blacklistKeywords_phishing,id,False,,,False,unknown,0.0,,0.0,2025-09-03T01:39:26.750216
a0-bx2-g4.app,ICANN,blacklistKeywords_phishing,id,False,,,False,unknown,0.0,,0.0,2025-09-03T01:39:26.461778
a8-5q-zyi44s.xyz,ICANN,blacklistKeywords_phishing,id,False,,,False,unknown,0.0,,0.0,2025-09-03T01:39:26.848738
afphc3-inru8.dev,ICANN,blacklistKeywords_phishing,id,False,,,False,unknown,0.0,,0.0,2025-09-03T01:39:26.598438
al3t-oz3gw-hufamz.io,ICANN,blacklistKeywords_phishing,id,False,,,False,unknown,0.0,,0.0,2025-09-03T01:39:26.363318
ao.io,ICANN,blacklistKeywords_phishing,id,True,2003-09-22 12:12:37,2027-04-30 12:00:00,False,unknown,0.0,,0.0,2025-09-03T01:39:26.779505
aoq56t-xm339-py.dev,ICANN,blacklistKeywords_phishing,id,False,,,False,unknown,0.0,,0.0,2025-09-03T01:39:26.651963
apltgn-5fexhu.org,ICANN,blacklistKeywords_phishing,id,False,,,False,unknown,0.0,,0.0,2025-09-03T01:39:26.920463
ast.xyz,ICANN,blacklistKeywords_phishing,id,True,2014-08-08 12:38:22,2026-08-08 23:59:59,False,unknown,0.0,,0.0,2025-09-03T01:39:26.003152
az4s-r-tkxv7.io,ICANN,blacklistKeywords_phishing,id,False,,,False,unknown,0.0,,0.0,2025-09-03T01:39:26.569892
b-4o-q6vbv.io,ICANN,blacklistKeywords_phishing,id,False,,,False,unknown,0.0,,0.0,2025-09-03T01:39:26.153485
b-f.net,ICANN,blacklistKeywords_phishing,id,False,,,False,unknown,0.0,,0.0,2025-09-03T01:39:26.789401
b2qxm0-ut8t-f9.io,ICANN,blacklistKeywords_phishing,id,False,,,False,unknown,0.0,,0.0,2025-09-03T01:39:26.472453
bb-yf.xyz,ICANN,blacklistKeywords_phishing,id,False,,,False,unknown,0.0,,0.0,2025-09-03T01:39:26.074052
bc89e2-9nn-tug.org,ICANN,blacklistKeywords_phishing,id,False,,,False,unknown,0.0,,0.0,2025-09-03T01:39:26.942151
bhk-6fms-cl30.io,ICANN,blacklistKeywords_phishing,id,False,,,False,unknown,0.0,,0.0,2025-09-03T01:39:26.920440
biqcn-qra8n.org,ICANN,blacklistKeywords_phishing,id,False,,,False,unknown,0.0,,0.0,2025-09-03T01:39:26.521203
bl99c-m6x.io,ICANN,blacklistKeywords_phishing,id,False,,,False,unknown,0.0,,0.0,2025-09-03T01:39:26.105607
bo-gmrz45.com,ICANN,blacklistKeywords_phishing,id,False,,,False,unknown,0.0,,0.0,2025-09-03T01:39:26.827878
bp9fir.app,ICANN,blacklistKeywords_phishing,id,False,,,False,unknown,0.0,,0.0,2025-09-03T01:39:26.955023
br6.org,ICANN,blacklistKeywords_phishing,id,False,,,False,unknown,0.0,,0.0,2025-09-03T01:39:26.249089
bt4bbp-739pin.app,ICANN,blacklistKeywords_phishing,id,False,,,False,unknown,0.0,,0.0,2025-09-03T01:39:26.947685
buh8l-ifax1.dev,ICANN,blacklistKeywords_phishing,id,False,,,False,unknown,0.0,,0.0,2025-09-03T01:39:26.111507
bv-uzr0-f3nv9.app,ICANN,blacklistKeywords_phishing,id,False,,,False,unknown,0.0,,0.0,2025-09-03T01:39:26.707181
bvdvr.dev,ICANN,blacklistKeywords_phishing,id,False,,,False,unknown,0.0,,0.0,2025-09-03T01:39:26.049960
c-0bn-38s.org,ICANN,blacklistKeywords_phishing,id,False,,,False,unknown,0.0,,0.0,2025-09-03T01:39:26.058505
c-ib4si9-4ws.org,ICANN,blacklistKeywords_phishing,id,False,,,False,unknown,0.0,,0.0,2025-09-03T01:39:26.876392
c-k8.app,ICANN,blacklistKeywords_phishing,id,False,,,False,unknown,0.0,,0.0,2025-09-03T01:39:26.595050
c.dev,ICANN,blacklistKeywords_phishing,id,False,,,False,unknown,0.0,,0.0,2025-09-03T01:39:26.035115
c0sw-ap.dev,ICANN,blacklistKeywords_phishing,id,False,,,False,unknown,0.0,,0.0,2025-09-03T01:39:26.671368
c2f.com,ICANN,blacklistKeywords_phishing,id,False,,,False,unknown,0.0,,0.0,2025-09-03T01:39:26.462420
c86-epvw-hz6h54.app,ICANN,blacklistKeywords_phishing,id,False,,,False,unknown,0.0,,0.0,2025-09-03T01:39:26.791141
c9cf8k-oh286-se.net,ICANN,blacklistKeywords_phishing,id,False,,,False,unknown,0.0,,0.0,2025-09-03T01:39:26.118466
crta-fz-a8n.xyz,ICANN,blacklistKeywords_phishing,id,False,,,False,unknown,0.0,,0.0,2025-09-03T01:39:26.842492
cskp9-ztz7x.com,ICANN,blacklistKeywords_phishing,id,False,,,False,unknown,0.0,,0.0,2025-09-03T01:39:26.688044
ct-91b11p.app,ICANN,blacklistKeywords_phishing,id,False,,,False,unknown,0.0,,0.0,2025-09-03T01:39:26.167018
ct.com,ICANN,blacklistKeywords_phishing,id,False,,,False,unknown,0.0,,0.0,2025-09-03T01:39:26.651083
ctig-9vr4-a5b.dev,ICANN,blacklistKeywords_phishing,id,False,,,False,unknown,0.0,,0.0,2025-09-03T01:39:26.805087
cv5.net,ICANN,blacklistKeywords_phishing,id,True,,,False,unknown,0.0,,0.0,2025-09-03T01:39:26.423463
cxb.app,ICANN,blacklistKeywords_phishing,id,False,,,False,unknown,0.0,,0.0,2025-09-03T01:39:26.321817
cyoojp-ml5ii2-ioyry.dev,ICANN,blacklistKeywords_phishing,id,False,,,False,unknown,0.0,,0.0,2025-09-03T01:39:26.606444
d-p2z8-cvk2m.xyz,ICANN,blacklistKeywords_phishing,id,False,,,False,unknown,0.0,,0.0,2025-09-03T01:39:26.323150
d.io,ICANN,blacklistKeywords_phishing,id,False,,,False,unknown,0.0,,0.0,2025-09-03T01:39:26.043359
d0-hsc.org,ICANN,blacklistKeywords_phishing,id,False,,,False,unknown,0.0,,0.0,2025-09-03T01:39:26.581415
d1-mglz-8m71h.app,ICANN,blacklistKeywords_phishing,id,False,,,False,unknown,0.0,,0.0,2025-09-03T01:39:26.473090
d3e5-xr67z.app,ICANN,blacklistKeywords_phishing,id,False,,,False,unknown,0.0,,0.0,2025-09-03T01:39:26.803146
d4w9-8j9qzg.app,ICANN,blacklistKeywords_phishing,id,False,,,False,unknown,0.0,,0.0,2025-09-03T01:39:26.974601
d8x.app,ICANN,blacklistKeywords_phishing,id,False,,,False,unknown,0.0,,0.0,2025-09-03T01:39:26.012988
d90ss.dev,ICANN,blacklistKeywords_phishing,id,False,,,False,unknown,0.0,,0.0,2025-09-03T01:39:26.005684
da3mk-jaq7-deipob.xyz,ICANN,blacklistKeywords_phishing,id,False,,,False,unknown,0.0,,0.0,2025-09-03T01:39:26.580034
db3lm.app,ICANN,blacklistKeywords_phishing,id,False,,,False,unknown,0.0,,0.0,2025-09-03T01:39:26.754280
dd0jzj.xyz,ICANN,blacklistKeywords_phishing,id,False,,,False,unknown,0.0,,0.0,2025-09-03T01:39:26.435718
de.app,ICANN,blacklistKeywords_phishing,id,False,,,False,unknown,0.0,,0.0,2025-09-03T01:39:26.700429
dy3se-mtza-y.org,ICANN,blacklistKeywords_phishing,id,False,,,False,unknown,0.0,,0.0,2025-09-03T01:39:26.195097
dzjc-f-oa.xyz,ICANN,blacklistKeywords_phishing,id,False,,,False,unknown,0.0,,0.0,2025-09-03T01:39:26.830395
e-47x-a.net,ICANN,blacklistKeywords_phishing,id,False,,,False,unknown,0.0,,0.0,2025-09-03T01:39:26.269684
e.com,ICANN,blacklistKeywords_phishing,id,False,,,False,unknown,0.0,,0.0,2025-09-03T01:39:26.513960
e20-os8zb-vgkb.net,ICANN,blacklistKeywords_phishing,id,False,,,False,unknown,0.0,,0.0,2025-09-03T01:39:26.192645
e2mxq.net,ICANN,blacklistKeywords_phishing,id,False,,,False,unknown,0.0,,0.0,2025-09-03T01:39:26.147194
e8x9xo.dev,ICANN,blacklistKeywords_phishing,id,False,,,False,unknown,0.0,,0.0,2025-09-03T01:39:26.094998
e9-cl183.xyz,ICANN,blacklistKeywords_phishing,id,False,,,False,unknown,0.0,,0.0,2025-09-03T01:39:26.211969
e9-pict.com,ICANN,blacklistKeywords_phishing,id,False,,,False,unknown,0.0,,0.0,2025-09-03T01:39:26.902498
ed6c0h-w.com,ICANN,blacklistKeywords_phishing,id,False,,,False,unknown,0.0,,0.0,2025-09-03T01:39:26.507684
ee64q-k-vbmc9.net,ICANN,blacklistKeywords_phishing,id,False,,,False,unknown,0.0,,0.0,2025-09-03T01:39:26.921901
eh-f6tsdk-i5i5n.net,ICANN,blacklistKeywords_phishing,id,False,,,False,unknown,0.0,,0.0,2025-09-03T01:39:26.013045
eu.xyz,ICANN,blacklistKeywords_phishing,id,False,,,False,unknown,0.0,,0.0,2025-09-03T01:39:26.132110
f-fyq-p0t.org,ICANN,blacklistKeywords_phishing,id,False,,,False,unknown,0.0,,0.0,2025-09-03T01:39:26.910596
f.net,ICANN,blacklistKeywords_phishing,id,False,,,False,unknown,0.0,,0.0,2025-09-03T01:39:26.459374
f06-z-7.dev,ICANN,blacklistKeywords_phishing,id,False,,,False,unknown,0.0,,0.0,2025-09-03T01:39:26.921730
f1-hpxz9.dev,ICANN,blacklistKeywords_phishing,id,False,,,False,unknown,0.0,,0.0,2025-09-03T01:39:26.690755
f6cedt-ifdx.com,ICANN,blacklistKeywords_phishing,id,False,,,False,unknown,0.0,,0.0,2025-09-03T01:39:26.110084
f8-y2d.net,ICANN,blacklistKeywords_phishing,id,False,,,False,unknown,0.0,,0.0,2025-09-03T01:39:26.081823
f9-3nuzrr-ifb7.net,ICANN,blacklistKeywords_phishing,id,False,,,False,unknown,0.0,,0.0,2025-09-03T01:39:26.153795
fc-s-mw8kq.dev,ICANN,blacklistKeywords_phishing,id,False,,,False,unknown,0.0,,0.0,2025-09-03T01:39:26.988762
fdw.io,ICANN,blacklistKeywords_phishing,id,False,,,False,unknown,0.0,,0.0,2025-09-03T01:39:26.793365
fe-t1u-5b7uko.io,ICANN,blacklistKeywords_phishing,id,False,,,False,unknown,0.0,,0.0,2025-09-03T01:39:26.463384
fjxo-0ui2.app,ICANN,blacklistKeywords_phishing,id,False,,,False,unknown,0.0,,0.0,2025-09-03T01:39:26.099914
fuwr0-m45pj1.dev,ICANN,blacklistKeywords_phishing,id,False,,,False,unknown,0.0,,0.0,2025-09-03T01:39:26.128337
fzn-qp.app,ICANN,blacklistKeywords_phishing,id,False,,,False,unknown,0.0,,0.0,2025-09-03T01:39:26.003843
g-58-b5uq.io,ICANN,blacklistKeywords_phishing,id,False,,,False,unknown,0.0,,0.0,2025-09-03T01:39:26.269492
g-8tx-dl6ir.io,ICANN,blacklistKeywords_phishing,id,False,,,False,unknown,0.0,,0.0,2025-09-03T01:39:26.368867
g-b3.dev,ICANN,blacklistKeywords_phishing,id,False,,,False,unknown,0.0,,0.0,2025-09-03T01:39:26.982364
g-n52hq.net,ICANN,blacklistKeywords_phishing,id,False,,,False,unknown,0.0,,0.0,2025-09-03T01:39:26.446529
g.app,ICANN,blacklistKeywords_phishing,id,False,,,False,unknown,0.0,,0.0,2025-09-03T01:39:26.438941
g3.org,ICANN,blacklistKeywords_phishing,id,False,,,False,unknown,0.0,,0.0,2025-09-03T01:39:26.624101
g4r1x.org,ICANN,blacklistKeywords_phishing,id,False,,,False,unknown,0.0,,0.0,2025-09-03T01:39:26.227372
g9erp0-74mie8.com,ICANN,blacklistKeywords_phishing,id,False,,,False,unknown,0.0,,0.0,2025-09-03T01:39:26.048747
gj586-7e5t.org,ICANN,blacklistKeywords_phishing,id,False,,,False,unknown,0.0,,0.0,2025-09-03T01:39:26.937582
gk8-f9u-as.org,ICANN,blacklistKeywords_phishing,id,False,,,False,unknown,0.0,,0.0,2025-09-03T01:39:26.629042
gp-0-rne.xyz,ICANN,blacklistKeywords_phishing,id,False,,,False,unknown,0.0,,0.0,2025-09-03T01:39:26.212472
gzcuc9-77-fl3f.net,ICANN,blacklistKeywords_phishing,id,False,,,False,unknown,0.0,,0.0,2025-09-03T01:39:26.738424
h-97y-k.xyz,ICANN,blacklistKeywords_phishing,id,False,,,False,unknown,0.0,,0.0,2025-09-03T01:39:26.230413
h.xyz,ICANN,blacklistKeywords_phishing,id,False,,,False,unknown,0.0,,0.0,2025-09-03T01:39:26.583114
h2f2g-9ygs-8fq6.dev,ICANN,blacklistKeywords_phishing,id,False,,,False,unknown,0.0,,0.0,2025-09-03T01:39:26.439027
h3-balkn.app,ICANN,blacklistKeywords_phishing,id,False,,,False,unknown,0.0,,0.0,2025-09-03T01:39:26.548187
h3t7-cu.org,ICANN,blacklistKeywords_phishing,id,False,,,False,unknown,0.0,,0.0,2025-09-03T01:39:26.329130
h4.xyz,ICANN,blacklistKeywords_phishing,id,False,,,False,unknown,0.0,,0.0,2025-09-03T01:39:26.430172
hbxya.app,ICANN,blacklistKeywords_phishing,id,False,,,False,unknown,0.0,,0.0,2025-09-03T01:39:26.698533
hcrdj-x7-0f8w.xyz,ICANN,blacklistKeywords_phishing,id,False,,,False,unknown,0.0,,0.0,2025-09-03T01:39:26.995432
hdez-9ynao-nhrm0c.xyz,ICANN,blacklistKeywords_phishing,id,False,,,False,unknown,0.0,,0.0,2025-09-03T01:39:26.437732
hf5tqh-5husd-y9ezi.app,ICANN,blacklistKeywords_phishing,id,False,,,False,unknown,0.0,,0.0,2025-09-03T01:39:26.382337
hg-e54c9-rskkru.app,ICANN,blacklistKeywords_phishing,id,False,,,False,unknown,0.0,,0.0,2025-09-03T01:39:26.736297
hl-bpf5.org,ICANN,blacklistKeywords_phishing,id,False,,,False,unknown,0.0,,0.0,2025-09-03T01:39:26.256518
hn65ep-bn5le8.net,ICANN,blacklistKeywords_phishing,id,False,,,False,unknown,0.0,,0.0,2025-09-03T01:39:26.207094
hnurpu.xyz,ICANN,blacklistKeywords_phishing,id,False,,,False,unknown,0.0,,0.0,2025-09-03T01:39:26.443734
hoere-1os.io,ICANN,blacklistKeywords_phishing,id,False,,,False,unknown,0.0,,0.0,2025-09-03T01:39:26.376549
hr-gna3wm.dev,ICANN,blacklistKeywords_phishing,id,False,,,False,unknown,0.0,,0.0,2025-09-03T01:39:26.431803
i-sa-9v.app,ICANN,blacklistKeywords_phishing,id,False,,,False,unknown,0.0,,0.0,2025-09-03T01:39:26.471426
i0ey.com,ICANN,blacklistKeywords_phishing,id,False,,,False,unknown,0.0,,0.0,2025-09-03T01:39:26.947542
i0pyd-r0.com,ICANN,blacklistKeywords_phishing,id,False,,,False,unknown,0.0,,0.0,2025-09-03T01:39:26.581231
i1-j0qli-tu6.org,ICANN,blacklistKeywords_phishing,id,False,,,False,unknown,0.0,,0.0,2025-09-03T01:39:26.715582
i2lrsc-m3-okyr.org,ICANN,blacklistKeywords_phishing,id,False,,,False,unknown,0.0,,0.0,2025-09-03T01:39:26.280474
i54-w0y3-w.com,ICANN,blacklistKeywords_phishing,id,False,,,False,unknown,0.0,,0.0,2025-09-03T01:39:26.977543
id-5guzn-i.net,ICANN,blacklistKeywords_phishing,id,False,,,False,unknown,0.0,,0.0,2025-09-03T01:39:26.059614
ie-c-89.org,ICANN,blacklistKeywords_phishing,id,False,,,False,unknown,0.0,,0.0,2025-09-03T01:39:26.552565
ieuyv-p.net,ICANN,blacklistKeywords_phishing,id,False,,,False,unknown,0.0,,0.0,2025-09-03T01:39:26.347372
ihg0r3-jjp-hfle.com,ICANN,blacklistKeywords_phishing,id,False,,,False,unknown,0.0,,0.0,2025-09-03T01:39:26.418201
ikw-6we75j-b.app,ICANN,blacklistKeywords_phishing,id,False,,,False,unknown,0.0,,0.0,2025-09-03T01:39:26.983472
imv0-g-fu4sul.dev,ICANN,blacklistKeywords_phishing,id,False,,,False,unknown,0.0,,0.0,2025-09-03T01:39:26.751985
ing.com,ICANN,blacklistKeywords_phishing,id,False,,,False,unknown,0.0,,0.0,2025-09-03T01:39:26.428312
ir0-0t-us.io,ICANN,blacklistKeywords_phishing,id,False,,,False,unknown,0.0,,0.0,2025-09-03T01:39:26.752745
it.net,ICANN,blacklistKeywords_phishing,id,True,1994-08-09 04:00:00,2026-08-08 04:00:00,False,unknown,0.0,,0.0,2025-09-03T01:39:26.765066
ivw4ac-y.app,ICANN,blacklistKeywords_phishing,id,False,,,False,unknown,0.0,,0.0,2025-09-03T01:39:26.817649
iygs-gy-up.com,ICANN,blacklistKeywords_phishing,id,False,,,False,unknown,0.0,,0.0,2025-09-03T01:39:26.305181
j-2c-2.com,ICANN,blacklistKeywords_phishing,id,False,,,False,unknown,0.0,,0.0,2025-09-03T01:39:26.351474
j-35qhj-pywc.net,ICANN,blacklistKeywords_phishing,id,False,,,False,unknown,0.0,,0.0,2025-09-03T01:39:26.669871
j.net,ICANN,blacklistKeywords_phishing,id,True,1993-12-01 05:00:00,2025-12-08 16:50:55,False,unknown,0.0,,0.0,2025-09-03T01:39:26.298529
j.xyz,ICANN,blacklistKeywords_phishing,id,False,,,False,unknown,0.0,,0.0,2025-09-03T01:39:26.057346
j2myc-t8o9i.net,ICANN,blacklistKeywords_phishing,id,False,,,False,unknown,0.0,,0.0,2025-09-03T01:39:26.780419
j4485s-enaa-0m8iz.com,ICANN,blacklistKeywords_phishing,id,False,,,False,unknown,0.0,,0.0,2025-09-03T01:39:26.033535
ja-s-9z.net,ICANN,blacklistKeywords_phishing,id,False,,,False,unknown,0.0,,0.0,2025-09-03T01:39:26.113765
jhc-i50cy-3tl.dev,ICANN,blacklistKeywords_phishing,id,False,,,False,unknown,0.0,,0.0,2025-09-03T01:39:26.293073
jq-ww9a1-0.org,ICANN,blacklistKeywords_phishing,id,False,,,False,unknown,0.0,,0.0,2025-09-03T01:39:26.300987
jti2p-u.com,ICANN,blacklistKeywords_phishing,id,False,,,False,unknown,0.0,,0.0,2025-09-03T01:39:26.283994
jv-w3di-33.net,ICANN,blacklistKeywords_phishing,id,False,,,False,unknown,0.0,,0.0,2025-09-03T01:39:26.641481
k-3cbv.app,ICANN,blacklistKeywords_phishing,id,False,,,False,unknown,0.0,,0.0,2025-09-03T01:39:26.312768
k-409tos.dev,ICANN,blacklistKeywords_phishing,id,False,,,False,unknown,0.0,,0.0,2025-09-03T01:39:26.536955
k-if-p8j2t.org,ICANN,blacklistKeywords_phishing,id,False,,,False,unknown,0.0,,0.0,2025-09-03T01:39:26.579742
k-y.xyz,ICANN,blacklistKeywords_phishing,id,True,,,False,unknown,0.0,,0.0,2025-09-03T01:39:26.539272
k1n.net,ICANN,blacklistKeywords_phishing,id,True,,,False,unknown,0.0,,0.0,2025-09-03T01:39:26.522564
k5c6-yvo9.io,ICANN,blacklistKeywords_phishing,id,False,,,False,unknown,0.0,,0.0,2025-09-03T01:39:26.149805
k7t-61-gqv.com,ICANN,blacklistKeywords_phishing,id,False,,,False,unknown,0.0,,0.0,2025-09-03T01:39:26.330935
k8loat-5yys-1rvt.com,ICANN,blacklistKeywords_phishing,id,False,,,False,unknown,0.0,,0.0,2025-09-03T01:39:26.772860
k8y5-zyh9.net,ICANN,blacklistKeywords_phishing,id,False,,,False,unknown,0.0,,0.0,2025-09-03T01:39:26.178375
ke36.io,ICANN,blacklistKeywords_phishing,id,False,,,False,unknown,0.0,,0.0,2025-09-03T01:39:26.916319
kfh8.xyz,ICANN,blacklistKeywords_phishing,id,False,,,False,unknown,0.0,,0.0,2025-09-03T01:39:26.630877
kh7-7spogn-w1rdw4.org,ICANN,blacklistKeywords_phishing,id,False,,,False,unknown,0.0,,0.0,2025-09-03T01:39:26.686164
kkvzq.app,ICANN,blacklistKeywords_phishing,id,False,,,False,unknown,0.0,,0.0,2025-09-03T01:39:26.970491
kx2-oanq-n6ue.dev,ICANN,blacklistKeywords_phishing,id,False,,,False,unknown,0.0,,0.0,2025-09-03T01:39:26.264980
kzlucn-z4y-t6m083.app,ICANN,blacklistKeywords_phishing,id,False,,,False,unknown,0.0,,0.0,2025-09-03T01:39:26.714366
l.xyz,ICANN,blacklistKeywords_phishing,id,False,,,False,unknown,0.0,,0.0,2025-09-03T01:39:26.767251
l0esi-5uzs.net,ICANN,blacklistKeywords_phishing,id,False,,,False,unknown,0.0,,0.0,2025-09-03T01:39:26.799250
lf98-lsq.com,ICANN,blacklistKeywords_phishing,id,False,,,False,unknown,0.0,,0.0,2025-09-03T01:39:26.175968
lflj6s.dev,ICANN,blacklistKeywords_phishing,id,False,,,False,unknown,0.0,,0.0,2025-09-03T01:39:26.164111
llmq1.dev,ICANN,blacklistKeywords_phishing,id,False,,,False,unknown,0.0,,0.0,2025-09-03T01:39:26.875691
lomd.app,ICANN,blacklistKeywords_phishing,id,False,,,False,unknown,0.0,,0.0,2025-09-03T01:39:26.469412
luj1ez.net,ICANN,blacklistKeywords_phishing,id,False,,,False,unknown,0.0,,0.0,2025-09-03T01:39:26.281423
m-2y-e3nfzx.io,ICANN,blacklistKeywords_phishing,id,False,,,False,unknown,0.0,,0.0,2025-09-03T01:39:26.158184
m-c.xyz,ICANN,blacklistKeywords_phishing,id,True,,,False,unknown,0.0,,0.0,2025-09-03T01:39:26.175681
m-rqmzcj-ie.app,ICANN,blacklistKeywords_phishing,id,False,,,False,unknown,0.0,,0.0,2025-09-03T01:39:26.629105
m1aos-0a.dev,ICANN,blacklistKeywords_phishing,id,False,,,False,unknown,0.0,,0.0,2025-09-03T01:39:26.920849
m1p3.com,ICANN,blacklistKeywords_phishing,id,False,,,False,unknown,0.0,,0.0,2025-09-03T01:39:26.160734
m40-oqv-3hwryd.net,ICANN,blacklistKeywords_phishing,id,False,,,False,unknown,0.0,,0.0,2025-09-03T01:39:26.307998
m4z4.dev,ICANN,blacklistKeywords_phishing,id,False,,,False,unknown,0.0,,0.0,2025-09-03T01:39:26.557156
m7kc-t8.xyz,ICANN,blacklistKeywords_phishing,id,False,,,False,unknown,0.0,,0.0,2025-09-03T01:39:26.084520
mbt-y74f.com,ICANN,blacklistKeywords_phishing,id,False,,,False,unknown,0.0,,0.0,2025-09-03T01:39:26.830224
mgj0.net,ICANN,blacklistKeywords_phishing,id,False,,,False,unknown,0.0,,0.0,2025-09-03T01:39:26.672219
mgjg3-8x6gc5.xyz,ICANN,blacklistKeywords_phishing,id,False,,,False,unknown,0.0,,0.0,2025-09-03T01:39:26.637709
mi-cvlpo.app,ICANN,blacklistKeywords_phishing,id,False,,,False,unknown,0.0,,0.0,2025-09-03T01:39:26.508429
mi7-omtk.dev,ICANN,blacklistKeywords_phishing,id,False,,,False,unknown,0.0,,0.0,2025-09-03T01:39:26.488351
mk0-zry.xyz,ICANN,blacklistKeywords_phishing,id,False,,,False,unknown,0.0,,0.0,2025-09-03T01:39:26.157405
mlyyf8-jz3fjg.io,ICANN,blacklistKeywords_phishing,id,False,,,False,unknown,0.0,,0.0,2025-09-03T01:39:26.714136
mo.app,ICANN,blacklistKeywords_phishing,id,False,,,False,unknown,0.0,,0.0,2025-09-03T01:39:26.029584
mq4pe6.app,ICANN,blacklistKeywords_phishing,id,False,,,False,unknown,0.0,,0.0,2025-09-03T01:39:26.397221
mrsw.io,ICANN,blacklistKeywords_phishing,id,False,,,False,unknown,0.0,,0.0,2025-09-03T01:39:26.811283
ms0m-o.com,ICANN,blacklistKeywords_phishing,id,False,,,False,unknown,0.0,,0.0,2025-09-03T01:39:26.206643
msveu.org,ICANN,blacklistKeywords_phishing,id,False,,,False,unknown,0.0,,0.0,2025-09-03T01:39:26.651707
mt1h-pxrynp-u32eqx.xyz,ICANN,blacklistKeywords_phishing,id,False,,,False,unknown,0.0,,0.0,2025-09-03T01:39:26.149798
mtawym-rs7at-9yk9.com,ICANN,blacklistKeywords_phishing,id,False,,,False,unknown,0.0,,0.0,2025-09-03T01:39:26.608055
my-01o3w7.org,ICANN,blacklistKeywords_phishing,id,False,,,False,unknown,0.0,,0.0,2025-09-03T01:39:26.639212
n-yio.org,ICANN,blacklistKeywords_phishing,id,False,,,False,unknown,0.0,,0.0,2025-09-03T01:39:26.704983
n.com,ICANN,blacklistKeywords_phishing,id,False,,,False,unknown,0.0,,0.0,2025-09-03T01:39:26.894444
n.xyz,ICANN,blacklistKeywords_phishing,id,False,,,False,unknown,0.0,,0.0,2025-09-03T01:39:26.530656
n68vqf.io,ICANN,blacklistKeywords_phishing,id,False,,,False,unknown,0.0,,0.0,2025-09-03T01:39:26.579115
n8-oze6f.net,ICANN,blacklistKeywords_phishing,id,False,,,False,unknown,0.0,,0.0,2025-09-03T01:39:26.042092
na.dev,ICANN,blacklistKeywords_phishing,id,False,,,False,unknown,0.0,,0.0,2025-09-03T01:39:26.030884
nchtlo-t2i-dgiw.app,ICANN,blacklistKeywords_phishing,id,False,,,False,unknown,0.0,,0.0,2025-09-03T01:39:26.187712
nds-l.dev,ICANN,blacklistKeywords_phishing,id,False,,,False,unknown,0.0,,0.0,2025-09-03T01:39:26.684470
nhaax-b6hoq.xyz,ICANN,blacklistKeywords_phishing,id,False,,,False,unknown,0.0,,0.0,2025-09-03T01:39:26.215378
nk-v7wgu.com,ICANN,blacklistKeywords_phishing,id,False,,,False,unknown,0.0,,0.0,2025-09-03T01:39:26.807153
nrnpot.dev,ICANN,blacklistKeywords_phishing,id,False,,,False,unknown,0.0,,0.0,2025-09-03T01:39:26.804785
nu-w08omv.app,ICANN,blacklistKeywords_phishing,id,False,,,False,unknown,0.0,,0.0,2025-09-03T01:39:26.501950
o-949-8o.com,ICANN,blacklistKeywords_phishing,id,False,,,False,unknown,0.0,,0.0,2025-09-03T01:39:26.668241
o-v.io,ICANN,blacklistKeywords_phishing,id,False,,,False,unknown,0.0,,0.0,2025-09-03T01:39:26.324093
o.dev,ICANN,blacklistKeywords_phishing,id,False,,,False,unknown,0.0,,0.0,2025-09-03T01:39:26.165097
o6-l5co-yvh.org,ICANN,blacklistKeywords_phishing,id,False,,,False,unknown,0.0,,0.0,2025-09-03T01:39:26.432386
o6-w1up.dev,ICANN,blacklistKeywords_phishing,id,False,,,False,unknown,0.0,,0.0,2025-09-03T01:39:26.523666
o7hb.org,ICANN,blacklistKeywords_phishing,id,False,,,False,unknown,0.0,,0.0,2025-09-03T01:39:26.723281
o9p-ewzl-oh.net,ICANN,blacklistKeywords_phishing,id,False,,,False,unknown,0.0,,0.0,2025-09-03T01:39:26.168030
oe55-u5x.xyz,ICANN,blacklistKeywords_phishing,id,False,,,False,unknown,0.0,,0.0,2025-09-03T01:39:26.920147
oet4-tt5-0s.org,ICANN,blacklistKeywords_phishing,id,False,,,False,unknown,0.0,,0.0,2025-09-03T01:39:26.162748
of-qdw-p.com,ICANN,blacklistKeywords_phishing,id,False,,,False,unknown,0.0,,0.0,2025-09-03T01:39:26.987744
oh-uc.net,ICANN,blacklistKeywords_phishing,id,False,,,False,unknown,0.0,,0.0,2025-09-03T01:39:26.672442
ohkfg-fpu.net,ICANN,blacklistKeywords_phishing,id,False,,,False,unknown,0.0,,0.0,2025-09-03T01:39:26.502394
oi1u9.org,ICANN,blacklistKeywords_phishing,id,False,,,False,unknown,0.0,,0.0,2025-09-03T01:39:26.741294
oim1r-sbycc1-rzrw.org,ICANN,blacklistKeywords_phishing,id,False,,,False,unknown,0.0,,0.0,2025-09-03T01:39:26.103287
on8y.org,ICANN,blacklistKeywords_phishing,id,False,,,False,unknown,0.0,,0.0,2025-09-03T01:39:26.967497
oq-ccb-s.dev,ICANN,blacklistKeywords_phishing,id,False,,,False,unknown,0.0,,0.0,2025-09-03T01:39:26.800891
or-yvvki6-i.com,ICANN,blacklistKeywords_phishing,id,False,,,False,unknown,0.0,,0.0,2025-09-03T01:39:26.701547
ou.xyz,ICANN,blacklistKeywords_phishing,id,False,,,False,unknown,0.0,,0.0,2025-09-03T01:39:26.603011
ouekl-o-u2xmu.xyz,ICANN,blacklistKeywords_phishing,id,False,,,False,unknown,0.0,,0.0,2025-09-03T01:39:26.333727
ovgt-squur.com,ICANN,blacklistKeywords_phishing,id,False,,,False,unknown,0.0,,0.0,2025-09-03T01:39:26.914907
oyuhe5-2quh.net,ICANN,blacklistKeywords_phishing,id,False,,,False,unknown,0.0,,0.0,2025-09-03T01:39:26.066218
p-68sd0p-h4.org,ICANN,blacklistKeywords_phishing,id,False,,,False,unknown,0.0,,0.0,2025-09-03T01:39:26.296686
p-n1o9-sc9dig.net,ICANN,blacklistKeywords_phishing,id,False,,,False,unknown,0.0,,0.0,2025-09-03T01:39:26.906260
p-vpie7g-at684.net,ICANN,blacklistKeywords_phishing,id,False,,,False,unknown,0.0,,0.0,2025-09-03T01:39:26.560660
p-xjtf.com,ICANN,blacklistKeywords_phishing,id,False,,,False,unknown,0.0,,0.0,2025-09-03T01:39:26.373721
p.dev,ICANN,blacklistKeywords_phishing,id,False,,,False,unknown,0.0,,0.0,2025-09-03T01:39:26.889691
p.net,ICANN,blacklistKeywords_phishing,id,False,,,False,unknown,0.0,,0.0,2025-09-03T01:39:26.419853
p.net,ICANN,blacklistKeywords_phishing,id,False,,,False,unknown,0.0,,0.0,2025-09-03T01:39:26.356185
p2.app,ICANN,blacklistKeywords_phishing,id,False,,,False,unknown,0.0,,0.0,2025-09-03T01:39:26.294857
p3ms-svu-j.org,ICANN,blacklistKeywords_phishing,id,False,,,False,unknown,0.0,,0.0,2025-09-03T01:39:26.775837
pdbesx.xyz,ICANN,blacklistKeywords_phishing,id,False,,,False,unknown,0.0,,0.0,2025-09-03T01:39:26.880295
pgo1g-w2.org,ICANN,blacklistKeywords_phishing,id,False,,,False,unknown,0.0,,0.0,2025-09-03T01:39:26.747702
pj9d-yogg-cdb.dev,ICANN,blacklistKeywords_phishing,id,False,,,False,unknown,0.0,,0.0,2025-09-03T01:39:26.823118
pk-0jm-1.net,ICANN,blacklistKeywords_phishing,id,False,,,False,unknown,0.0,,0.0,2025-09-03T01:39:26.905662
pl1q99-vw-kcpw.app,ICANN,blacklistKeywords_phishing,id,False,,,False,unknown,0.0,,0.0,2025-09-03T01:39:26.615292
pvx.io,ICANN,blacklistKeywords_phishing,id,True,,,False,unknown,0.0,,0.0,2025-09-03T01:39:26.940952
q-ikx5-of9s.dev,ICANN,blacklistKeywords_phishing,id,False,,,False,unknown,0.0,,0.0,2025-09-03T01:39:26.465419
q-wvq.io,ICANN,blacklistKeywords_phishing,id,False,,,False,unknown,0.0,,0.0,2025-09-03T01:39:26.185515
q6n8.org,ICANN,blacklistKeywords_phishing,id,False,,,False,unknown,0.0,,0.0,2025-09-03T01:39:26.423366
q7m.dev,ICANN,blacklistKeywords_phishing,id,False,,,False,unknown,0.0,,0.0,2025-09-03T01:39:26.547289
q8-rftrf-g.org,ICANN,blacklistKeywords_phishing,id,False,,,False,unknown,0.0,,0.0,2025-09-03T01:39:26.077032
qags-qgdo-9bbd.com,ICANN,blacklistKeywords_phishing,id,False,,,False,unknown,0.0,,0.0,2025-09-03T01:39:26.707736
qe3u2-t00z.xyz,ICANN,blacklistKeywords_phishing,id,False,,,False,unknown,0.0,,0.0,2025-09-03T01:39:26.450146
qn2oau.io,ICANN,blacklistKeywords_phishing,id,False,,,False,unknown,0.0,,0.0,2025-09-03T01:39:26.792416
qswv0-s1y.net,ICANN,blacklistKeywords_phishing,id,False,,,False,unknown,0.0,,0.0,2025-09-03T01:39:26.325582
qt-dyilny.app,ICANN,blacklistKeywords_phishing,id,False,,,False,unknown,0.0,,0.0,2025-09-03T01:39:26.320660
qyc.org,ICANN,blacklistKeywords_phishing,id,True,,,False,unknown,0.0,,0.0,2025-09-03T01:39:26.443363
r-yl5stl.com,ICANN,blacklistKeywords_phishing,id,False,,,False,unknown,0.0,,0.0,2025-09-03T01:39:26.240039
r-zt3pw.dev,ICANN,blacklistKeywords_phishing,id,False,,,False,unknown,0.0,,0.0,2025-09-03T01:39:26.536697
r.com,ICANN,blacklistKeywords_phishing,id,False,,,False,unknown,0.0,,0.0,2025-09-03T01:39:26.496954
r0.io,ICANN,blacklistKeywords_phishing,id,False,,,False,unknown,0.0,,0.0,2025-09-03T01:39:26.474210
r0e.app,ICANN,blacklistKeywords_phishing,id,False,,,False,unknown,0.0,,0.0,2025-09-03T01:39:26.128745
r0qfh-x6i39-qn.com,ICANN,blacklistKeywords_phishing,id,False,,,False,unknown,0.0,,0.0,2025-09-03T01:39:26.932173
r5c1-2jy6.net,ICANN,blacklistKeywords_phishing,id,False,,,False,unknown,0.0,,0.0,2025-09-03T01:39:26.476273
r7oqob-xnjlk-e471sd.org,ICANN,blacklistKeywords_phishing,id,False,,,False,unknown,0.0,,0.0,2025-09-03T01:39:26.284074
ra6.io,ICANN,blacklistKeywords_phishing,id,True,2020-04-16 01:16:42,2026-04-16 01:16:42,False,unknown,0.0,,0.0,2025-09-03T01:39:26.241961
rm-8j2ey.dev,ICANN,blacklistKeywords_phishing,id,False,,,False,unknown,0.0,,0.0,2025-09-03T01:39:26.786169
rrv-etz-pl0bo.dev,ICANN,blacklistKeywords_phishing,id,False,,,False,unknown,0.0,,0.0,2025-09-03T01:39:26.009154
rs-h-f723.io,ICANN,blacklistKeywords_phishing,id,False,,,False,unknown,0.0,,0.0,2025-09-03T01:39:26.657656
rvlv-p46pe.com,ICANN,blacklistKeywords_phishing,id,False,,,False,unknown,0.0,,0.0,2025-09-03T01:39:26.782230
rvzo-m8uakn-dpbzd4.com,ICANN,blacklistKeywords_phishing,id,False,,,False,unknown,0.0,,0.0,2025-09-03T01:39:26.980941
rygjx-28vm9.net,ICANN,blacklistKeywords_phishing,id,False,,,False,unknown,0.0,,0.0,2025-09-03T01:39:26.156519
ryzsbw.app,ICANN,blacklistKeywords_phishing,id,False,,,False,unknown,0.0,,0.0,2025-09-03T01:39:26.069781
s-vbn9bm.io,ICANN,blacklistKeywords_phishing,id,False,,,False,unknown,0.0,,0.0,2025-09-03T01:39:26.694802
s7f.net,ICANN,blacklistKeywords_phishing,id,False,,,False,unknown,0.0,,0.0,2025-09-03T01:39:26.226744
saj3-a-e.xyz,ICANN,blacklistKeywords_phishing,id,False,,,False,unknown,0.0,,0.0,2025-09-03T01:39:26.652706
sfa-8kb-6z.xyz,ICANN,blacklistKeywords_phishing,id,False,,,False,unknown,0.0,,0.0,2025-09-03T01:39:26.983134
sjnyt.app,ICANN,blacklistKeywords_phishing,id,False,,,False,unknown,0.0,,0.0,2025-09-03T01:39:26.654929
slb4mu-2-l66.dev,ICANN,blacklistKeywords_phishing,id,False,,,False,unknown,0.0,,0.0,2025-09-03T01:39:26.400399
slo1.org,ICANN,blacklistKeywords_phishing,id,False,,,False,unknown,0.0,,0.0,2025-09-03T01:39:26.342820
smy-pixx8.io,ICANN,blacklistKeywords_phishing,id,False,,,False,unknown,0.0,,0.0,2025-09-03T01:39:26.404639
sn7x-pxa.com,ICANN,blacklistKeywords_phishing,id,False,,,False,unknown,0.0,,0.0,2025-09-03T01:39:26.156601
sp-1bmot-l.dev,ICANN,blacklistKeywords_phishing,id,False,,,False,unknown,0.0,,0.0,2025-09-03T01:39:26.559080
sqnpqw.io,ICANN,blacklistKeywords_phishing,id,False,,,False,unknown,0.0,,0.0,2025-09-03T01:39:26.419984
st.io,ICANN,blacklistKeywords_phishing,id,False,,,False,unknown,0.0,,0.0,2025-09-03T01:39:26.735410
sv-ll.com,ICANN,blacklistKeywords_phishing,id,False,,,False,unknown,0.0,,0.0,2025-09-03T01:39:26.535927
szu7s-i6d.net,ICANN,blacklistKeywords_phishing,id,False,,,False,unknown,0.0,,0.0,2025-09-03T01:39:26.555745
t-jgxdg-m9jgs.com,ICANN,blacklistKeywords_phishing,id,False,,,False,unknown,0.0,,0.0,2025-09-03T01:39:26.918947
t-m-iyf2.org,ICANN,blacklistKeywords_phishing,id,False,,,False,unknown,0.0,,0.0,2025-09-03T01:39:26.356413
t4y-vsd3u7-ak.org,ICANN,blacklistKeywords_phishing,id,False,,,False,unknown,0.0,,0.0,2025-09-03T01:39:26.072268
t5d.app,ICANN,blacklistKeywords_phishing,id,False,,,False,unknown,0.0,,0.0,2025-09-03T01:39:26.752516
t5r9i.com,ICANN,blacklistKeywords_phishing,id,False,,,False,unknown,0.0,,0.0,2025-09-03T01:39:26.239008
tbq.io,ICANN,blacklistKeywords_phishing,id,False,,,False,unknown,0.0,,0.0,2025-09-03T01:39:26.915161
tcej-h7i-gapdhe.net,ICANN,blacklistKeywords_phishing,id,False,,,False,unknown,0.0,,0.0,2025-09-03T01:39:26.413909
tck-aw.com,ICANN,blacklistKeywords_phishing,id,False,,,False,unknown,0.0,,0.0,2025-09-03T01:39:26.015970
tla.org,ICANN,blacklistKeywords_phishing,id,False,,,False,unknown,0.0,,0.0,2025-09-03T01:39:26.936614
to.xyz,ICANN,blacklistKeywords_phishing,id,False,,,False,unknown,0.0,,0.0,2025-09-03T01:39:26.438812
tp4fl-t-2v3.app,ICANN,blacklistKeywords_phishing,id,False,,,False,unknown,0.0,,0.0,2025-09-03T01:39:26.153388
tr-a-hice.com,ICANN,blacklistKeywords_phishing,id,False,,,False,unknown,0.0,,0.0,2025-09-03T01:39:26.815135
tv-1pqs.org,ICANN,blacklistKeywords_phishing,id,False,,,False,unknown,0.0,,0.0,2025-09-03T01:39:26.725713
tx-lrebz.net,ICANN,blacklistKeywords_phishing,id,False,,,False,unknown,0.0,,0.0,2025-09-03T01:39:26.390099
txpok.dev,ICANN,blacklistKeywords_phishing,id,False,,,False,unknown,0.0,,0.0,2025-09-03T01:39:26.830152
u-0wvh1.io,ICANN,blacklistKeywords_phishing,id,False,,,False,unknown,0.0,,0.0,2025-09-03T01:39:26.941935
u2.org,ICANN,blacklistKeywords_phishing,id,False,,,False,unknown,0.0,,0.0,2025-09-03T01:39:26.299938
u4.app,ICANN,blacklistKeywords_phishing,id,False,,,False,unknown,0.0,,0.0,2025-09-03T01:39:26.545299
ud-x.io,ICANN,blacklistKeywords_phishing,id,False,,,False,unknown,0.0,,0.0,2025-09-03T01:39:26.025865
ulwe.xyz,ICANN,blacklistKeywords_phishing,id,False,,,False,unknown,0.0,,0.0,2025-09-03T01:39:26.088158
uo-to0d.org,ICANN,blacklistKeywords_phishing,id,False,,,False,unknown,0.0,,0.0,2025-09-03T01:39:26.343189
upgd-4hvh9-x.io,ICANN,blacklistKeywords_phishing,id,False,,,False,unknown,0.0,,0.0,2025-09-03T01:39:26.294479
uq.xyz,ICANN,blacklistKeywords_phishing,id,False,,,False,unknown,0.0,,0.0,2025-09-03T01:39:26.026237
utyh-bsije3.app,ICANN,blacklistKeywords_phishing,id,False,,,False,unknown,0.0,,0.0,2025-09-03T01:39:26.283081
uu-pnny.net,ICANN,blacklistKeywords_phishing,id,False,,,False,unknown,0.0,,0.0,2025-09-03T01:39:26.560405
uxf-eg-onoto5.org,ICANN,blacklistKeywords_phishing,id,False,,,False,unknown,0.0,,0.0,2025-09-03T01:39:26.836083
v-8-0ay.com,ICANN,blacklistKeywords_phishing,id,False,,,False,unknown,0.0,,0.0,2025-09-03T01:39:26.378717
v1h.xyz,ICANN,blacklistKeywords_phishing,id,True,2024-11-07 09:18:25,2025-11-07 23:59:59,False,unknown,0.0,,0.0,2025-09-03T01:39:26.847436
v1khjf.app,ICANN,blacklistKeywords_phishing,id,False,,,False,unknown,0.0,,0.0,2025-09-03T01:39:26.202125
v4n-t9q-16e2jm.xyz,ICANN,blacklistKeywords_phishing,id,False,,,False,unknown,0.0,,0.0,2025-09-03T01:39:26.477757
v9xp6-2svlk-yht.net,ICANN,blacklistKeywords_phishing,id,False,,,False,unknown,0.0,,0.0,2025-09-03T01:39:26.316186
vb6d-icgiv.io,ICANN,blacklistKeywords_phishing,id,False,,,False,unknown,0.0,,0.0,2025-09-03T01:39:26.852342
vbk0.com,ICANN,blacklistKeywords_phishing,id,False,,,False,unknown,0.0,,0.0,2025-09-03T01:39:26.676973
vdg4bw-u5ckb5-f.net,ICANN,blacklistKeywords_phishing,id,False,,,False,unknown,0.0,,0.0,2025-09-03T01:39:26.540719
vfq.org,ICANN,blacklistKeywords_phishing,id,False,,,False,unknown,0.0,,0.0,2025-09-03T01:39:26.925432
vlnmj-nnhj-fr.dev,ICANN,blacklistKeywords_phishing,id,False,,,False,unknown,0.0,,0.0,2025-09-03T01:39:26.771834
vny.io,ICANN,blacklistKeywords_phishing,id,False,,,False,unknown,0.0,,0.0,2025-09-03T01:39:26.274225
vyof-b1u9g2-02.org,ICANN,blacklistKeywords_phishing,id,False,,,False,unknown,0.0,,0.0,2025-09-03T01:39:26.456090
we64y.xyz,ICANN,blacklistKeywords_phishing,id,False,,,False,unknown,0.0,,0.0,2025-09-03T01:39:26.821342
wkcf.com,ICANN,blacklistKeywords_phishing,id,False,,,False,unknown,0.0,,0.0,2025-09-03T01:39:26.856107
ws28-sf.org,ICANN,blacklistKeywords_phishing,id,False,,,False,unknown,0.0,,0.0,2025-09-03T01:39:26.943548
wwf9hi.net,ICANN,blacklistKeywords_phishing,id,False,,,False,unknown,0.0,,0.0,2025-09-03T01:39:26.027292
wys-fg17-g9i8ow.dev,ICANN,blacklistKeywords_phishing,id,False,,,False,unknown,0.0,,0.0,2025-09-03T01:39:26.195011
x-44-25ji.org,ICANN,blacklistKeywords_phishing,id,False,,,False,unknown,0.0,,0.0,2025-09-03T01:39:26.500953
x-wjug6-ge9ahw.app,ICANN,blacklistKeywords_phishing,id,False,,,False,unknown,0.0,,0.0,2025-09-03T01:39:26.156929
x-zl.xyz,ICANN,blacklistKeywords_phishing,id,False,,,False,unknown,0.0,,0.0,2025-09-03T01:39:26.608937
x-zmd.io,ICANN,blacklistKeywords_phishing,id,False,,,False,unknown,0.0,,0.0,2025-09-03T01:39:26.471857
x1ok-0.org,ICANN,blacklistKeywords_phishing,id,False,,,False,unknown,0.0,,0.0,2025-09-03T01:39:26.853749
x59r3j-elt47-pakcew.app,ICANN,blacklistKeywords_phishing,id,False,,,False,unknown,0.0,,0.0,2025-09-03T01:39:26.283067
xazl69-vt-ym829.dev,ICANN,blacklistKeywords_phishing,id,False,,,False,unknown,0.0,,0.0,2025-09-03T01:39:26.940116
xeet-ec-6r9v.app,ICANN,blacklistKeywords_phishing,id,False,,,False,unknown,0.0,,0.0,2025-09-03T01:39:26.728937
xg-p5u8-nl.dev,ICANN,blacklistKeywords_phishing,id,False,,,False,unknown,0.0,,0.0,2025-09-03T01:39:26.623018
xgx-z796-m.app,ICANN,blacklistKeywords_phishing,id,False,,,False,unknown,0.0,,0.0,2025-09-03T01:39:26.648119
xhxmk-h5av4-pc3ii.org,ICANN,blacklistKeywords_phishing,id,False,,,False,unknown,0.0,,0.0,2025-09-03T01:39:26.624171
xqgv-3by5.io,ICANN,blacklistKeywords_phishing,id,False,,,False,unknown,0.0,,0.0,2025-09-03T01:39:26.810486
y-y-b6.io,ICANN,blacklistKeywords_phishing,id,False,,,False,unknown,0.0,,0.0,2025-09-03T01:39:26.532804
y.app,ICANN,blacklistKeywords_phishing,id,False,,,False,unknown,0.0,,0.0,2025-09-03T01:39:26.649838
y5watm.net,ICANN,blacklistKeywords_phishing,id,False,,,False,unknown,0.0,,0.0,2025-09-03T01:39:26.770091
y6-bb-b9.xyz,ICANN,blacklistKeywords_phishing,id,False,,,False,unknown,0.0,,0.0,2025-09-03T01:39:26.290310
y8lhvm.net,ICANN,blacklistKeywords_phishing,id,False,,,False,unknown,0.0,,0.0,2025-09-03T01:39:26.938067
y9ib6-0ajk-svtl4j.app,ICANN,blacklistKeywords_phishing,id,False,,,False,unknown,0.0,,0.0,2025-09-03T01:39:26.066969
ya-dmipf3.app,ICANN,blacklistKeywords_phishing,id,False,,,False,unknown,0.0,,0.0,2025-09-03T01:39:26.629885
ye-serra.net,ICANN,blacklistKeywords_phishing,id,False,,,False,unknown,0.0,,0.0,2025-09-03T01:39:26.092758
yfw4m.io,ICANN,blacklistKeywords_phishing,id,False,,,False,unknown,0.0,,0.0,2025-09-03T01:39:26.858518
ykldb-ojf-d.io,ICANN,blacklistKeywords_phishing,id,False,,,False,unknown,0.0,,0.0,2025-09-03T01:39:26.057488
yrsri.dev,ICANN,blacklistKeywords_phishing,id,False,,,False,unknown,0.0,,0.0,2025-09-03T01:39:26.503620
ytmf.io,ICANN,blacklistKeywords_phishing,id,False,,,False,unknown,0.0,,0.0,2025-09-03T01:39:26.340820
yu-9rb.app,ICANN,blacklistKeywords_phishing,id,False,,,False,unknown,0.0,,0.0,2025-09-03T01:39:26.946083
yxfcfw-l.com,ICANN,blacklistKeywords_phishing,id,False,,,False,unknown,0.0,,0.0,2025-09-03T01:39:26.851123
z-d0.org,ICANN,blacklistKeywords_phishing,id,False,,,False,unknown,0.0,,0.0,2025-09-03T01:39:26.775924
z6vl08-d8.org,ICANN,blacklistKeywords_phishing,id,False,,,False,unknown,0.0,,0.0,2025-09-03T01:39:26.333963
zdj0-r29s5c.net,ICANN,blacklistKeywords_phishing,id,False,,,False,unknown,0.0,,0.0,2025-09-03T01:39:26.509017
zg7.dev,ICANN,blacklistKeywords_phishing,id,False,,,False,unknown,0.0,,0.0,2025-09-03T01:39:26.615819
zgjpbj.xyz,ICANN,blacklistKeywords_phishing,id,False,,,False,unknown,0.0,,0.0,2025-09-03T01:39:26.512333
zguj-emvydr-1qkalv.dev,ICANN,blacklistKeywords_phishing,id,False,,,False,unknown,0.0,,0.0,2025-09-03T01:39:26.249265
zh.app,ICANN,blacklistKeywords_phishing,id,False,,,False,unknown,0.0,,0.0,2025-09-03T01:39:26.536936
zjlbf0-c9g1-k.com,ICANN,blacklistKeywords_phishing,id,False,,,False,unknown,0.0,,0.0,2025-09-03T01:39:26.214167
zl.com,ICANN,blacklistKeywords_phishing,id,False,,,False,unknown,0.0,,0.0,2025-09-03T01:39:26.568176
zl1rl-6sg32-t.dev,ICANN,blacklistKeywords_phishing,id,False,,,False,unknown,0.0,,0.0,2025-09-03T01:39:26.977590
znqj27-x70.io,ICANN,blacklistKeywords_phishing,id,False,,,False,unknown,0.0,,0.0,2025-09-03T01:39:26.178066
zolj-d5klpm-n.io,ICANN,blacklistKeywords_phishing,id,False,,,False,unknown,0.0,,0.0,2025-09-03T01:39:26.787340
zqe6o-apqrth.dev,ICANN,blacklistKeywords_phishing,id,False,,,False,unknown,0.0,,0.0,2025-09-03T01:39:26.751684
zsx3i-zgi66.net,ICANN,blacklistKeywords_phishing,id,False,,,False,unknown,0.0,,0.0,2025-09-03T01:39:26.040073
ztfflg-e8d.app,ICANN,blacklistKeywords_phishing,id,False,,,False,unknown,0.0,,0.0,2025-09-03T01:39:26.549210
zvp.net,ICANN,blacklistKeywords_phishing,id,False,,,False,unknown,0.0,,0.0,2025-09-03T01:39:26.789595
zwi.app,ICANN,blacklistKeywords_phishing,id,False,,,False,unknown,0.0,,0.0,2025-09-03T01:39:26.787223
zwz8c-sm5hh-48l8.org,ICANN,blacklistKeywords_phishing,id,False,,,False,unknown,0.0,,0.0,2025-09-03T01:39:26.618225
zy0-7.app,ICANN,blacklistKeywords_phishing,id,False,,,False,unknown,0.0,,0.0,2025-09-03T01:39:26.352833
zyp8bk.net,ICANN,blacklistKeywords_phishing,id,False,,,False,unknown,0.0,,0.0,2025-09-03T01:39:26.825665
