domain,url,risk_score,category,brand,keywords,vt_malicious,vt_suspicious,urlscan_overall_malicious,urlscan_engines_malicious,urlscan_community_malicious,urlscan_stats_malicious,whois_status,whois_registrar,whois_registration_date,whois_expiration_date,alienvault_verdict,alienvault_malicious,urlvoid_threat_level,urlvoid_detection_ratio,urlvoid_is_threat,vt_available,urlscan_available,whois_available,alienvault_available,urlvoid_available,timestamp
"flawlessgroup.se","https://flawlessgroup.se",3,"blacklist_match","","group",0,0,"false","false","false",0,"inactive","","","","","false","",0,"false","false","false","false","false","false","2025-08-05T18:41:18.064Z"
"poreclean.se","https://poreclean.se",3,"blacklist_match","","cl",0,0,"false","false","false",0,"inactive","","","","","false","",0,"false","false","false","false","false","false","2025-08-05T18:41:18.872Z"
"ooooclub.sk","https://ooooclub.sk",3,"blacklist_match","","cl",0,0,"false","false","false",0,"inactive","","","","","false","",0,"false","false","false","false","false","false","2025-08-05T18:41:19.667Z"
"wwarning.se","https://wwarning.se",3,"blacklist_match","","ww",0,0,"false","false","false",0,"inactive","","","","","false","",0,"false","false","false","false","false","false","2025-08-05T18:41:20.451Z"
"ns1.srv.webblymedia.se","https://ns1.srv.webblymedia.se",3,"blacklist_match","","web",0,0,"false","false","false",0,"inactive","","","","","false","",0,"false","false","false","false","false","false","2025-08-05T18:41:21.244Z"
"clicknet.se","https://clicknet.se",3,"blacklist_match","","click;cl",0,0,"false","false","false",0,"inactive","","","","","false","",0,"false","false","false","false","false","false","2025-08-05T18:41:22.030Z"
"inscycler.se","https://inscycler.se",3,"blacklist_match","","cl",0,0,"false","false","false",0,"inactive","","","","","false","",0,"false","false","false","false","false","false","2025-08-05T18:41:24.087Z"
"brandtweb.se","https://brandtweb.se",3,"blacklist_match","","web",0,0,"false","false","false",0,"inactive","","","","","false","",0,"false","false","false","false","false","false","2025-08-05T20:03:10.075Z"
"svensktcryptocasino.se","https://svensktcryptocasino.se",3,"blacklist_match","","crypto",0,0,"false","false","false",0,"inactive","","","","","false","",0,"false","false","false","false","false","false","2025-08-05T20:03:13.531Z"
"medionline.se","https://medionline.se",3,"blacklist_match","","online",0,0,"false","false","false",0,"inactive","","","","","false","",0,"false","false","false","false","false","false","2025-08-05T20:03:14.608Z"
"alephcircle.se","https://alephcircle.se",3,"blacklist_match","","cl",0,0,"false","false","false",0,"inactive","","","","","false","",0,"false","false","false","false","false","false","2025-08-05T20:03:15.404Z"
"myvirtuellassistent.se","https://myvirtuellassistent.se",3,"blacklist_match","","my",0,0,"false","false","false",0,"inactive","","","","","false","",0,"false","false","false","false","false","false","2025-08-05T20:03:16.183Z"
"abprosupport.se","https://abprosupport.se",3,"blacklist_match","","support",0,0,"false","false","false",0,"inactive","","","","","false","",0,"false","false","false","false","false","false","2025-08-05T20:03:16.963Z"
"nordiclongevitylabs.se","https://nordiclongevitylabs.se",3,"blacklist_match","","cl",0,0,"false","false","false",0,"inactive","","","","","false","",0,"false","false","false","false","false","false","2025-08-05T20:03:17.750Z"
"online-vino.sk","https://online-vino.sk",3,"blacklist_match","","online",0,0,"false","false","false",0,"inactive","","","","","false","",0,"false","false","false","false","false","false","2025-08-05T20:03:18.529Z"
"lecercle.se","https://lecercle.se",3,"blacklist_match","","cl",0,0,"false","false","false",0,"inactive","","","","","false","",0,"false","false","false","false","false","false","2025-08-05T20:03:19.311Z"
"bitbanken.se","https://bitbanken.se",3,"blacklist_match","","bank",0,0,"false","false","false",0,"inactive","","","","","false","",0,"false","false","false","false","false","false","2025-08-05T20:03:20.094Z"
"hyperbaricclinic.se","https://hyperbaricclinic.se",3,"blacklist_match","","cl",0,0,"false","false","false",0,"inactive","","","","","false","",0,"false","false","false","false","false","false","2025-08-05T20:03:20.874Z"
"klimasupport.sk","https://klimasupport.sk",3,"blacklist_match","","support",0,0,"false","false","false",0,"inactive","","","","","false","",0,"false","false","false","false","false","false","2025-08-05T20:03:21.653Z"
"bilparkenbilservice.nu","https://bilparkenbilservice.nu",3,"blacklist_match","","service",0,0,"false","false","false",0,"inactive","","","","","false","",0,"false","false","false","false","false","false","2025-08-05T20:03:22.434Z"
"cleanfinity.sk","https://cleanfinity.sk",3,"blacklist_match","","cl",0,0,"false","false","false",0,"inactive","","","","","false","",0,"false","false","false","false","false","false","2025-08-05T20:03:23.217Z"
"revengeshallpurifymyblood.se","https://revengeshallpurifymyblood.se",3,"blacklist_match","","my",0,0,"false","false","false",0,"inactive","","","","","false","",0,"false","false","false","false","false","false","2025-08-05T20:03:23.996Z"
"fluetecductcleaning.se","https://fluetecductcleaning.se",3,"blacklist_match","","cl",0,0,"false","false","false",0,"inactive","","","","","false","",0,"false","false","false","false","false","false","2025-08-05T20:03:24.777Z"
"safetyguardscandinavia.se","https://safetyguardscandinavia.se",3,"blacklist_match","","safe",0,0,"false","false","false",0,"inactive","","","","","false","",0,"false","false","false","false","false","false","2025-08-05T20:03:26.337Z"
"dryclean.se","https://dryclean.se",3,"blacklist_match","","cl",0,0,"false","false","false",0,"inactive","","","","","false","",0,"false","false","false","false","false","false","2025-08-05T20:03:27.117Z"
"glassluckan.se","https://glassluckan.se",3,"blacklist_match","","ssl",0,0,"false","false","false",0,"inactive","","","","","false","",0,"false","false","false","false","false","false","2025-08-05T20:03:27.895Z"
"gustavshusservice.se","https://gustavshusservice.se",3,"blacklist_match","","service",0,0,"false","false","false",0,"inactive","","","","","false","",0,"false","false","false","false","false","false","2025-08-05T20:03:29.455Z"
"aichemy.sk","https://aichemy.sk",3,"blacklist_match","","my",0,0,"false","false","false",0,"inactive","","","","","false","",0,"false","false","false","false","false","false","2025-08-05T20:03:30.234Z"
"myvelora.se","https://myvelora.se",3,"blacklist_match","","my",0,0,"false","false","false",0,"inactive","","","","","false","",0,"false","false","false","false","false","false","2025-08-05T20:03:31.012Z"
"webshield.sk","https://webshield.sk",3,"blacklist_match","","web",0,0,"false","false","false",0,"inactive","","","","","false","",0,"false","false","false","false","false","false","2025-08-05T20:03:31.797Z"
"puncturesafe.se","https://puncturesafe.se",3,"blacklist_match","","safe",0,0,"false","false","false",0,"inactive","","","","","false","",0,"false","false","false","false","false","false","2025-08-05T20:03:33.372Z"
"skodaeconomyservice.sk","https://skodaeconomyservice.sk",3,"blacklist_match","","service",0,0,"false","false","false",0,"inactive","","","","","false","",0,"false","false","false","false","false","false","2025-08-05T20:03:34.149Z"
"billigwebbplats.se","https://billigwebbplats.se",3,"blacklist_match","","web",0,0,"false","false","false",0,"inactive","","","","","false","",0,"false","false","false","false","false","false","2025-08-05T20:03:34.932Z"
"dhclinic.sk","https://dhclinic.sk",3,"blacklist_match","","cl",0,0,"false","false","false",0,"inactive","","","","","false","",0,"false","false","false","false","false","false","2025-08-05T20:03:35.711Z"
"mlacademy.se","https://mlacademy.se",3,"blacklist_match","","my",0,0,"false","false","false",0,"inactive","","","","","false","",0,"false","false","false","false","false","false","2025-08-05T20:03:37.274Z"
"mobilex.nu","https://mobilex.nu",3,"blacklist_match","","mobile",0,0,"false","false","false",0,"inactive","","","","","false","",0,"false","false","false","false","false","false","2025-08-05T20:03:38.053Z"
"scaffragroup.sk","https://scaffragroup.sk",3,"blacklist_match","","group",0,0,"false","false","false",0,"inactive","","","","","false","",0,"false","false","false","false","false","false","2025-08-05T20:03:38.858Z"
"clinvvo.se","https://clinvvo.se",3,"blacklist_match","","cl",0,0,"false","false","false",0,"inactive","","","","","false","",0,"false","false","false","false","false","false","2025-08-05T20:03:39.640Z"
"vardeaccounting.se","https://vardeaccounting.se",3,"blacklist_match","","account",0,0,"false","false","false",0,"inactive","","","","","false","",0,"false","false","false","false","false","false","2025-08-05T20:03:40.424Z"
"xn--amgrnservices-lmb.se","https://xn--amgrnservices-lmb.se",3,"blacklist_match","","service",0,0,"false","false","false",0,"inactive","","","","","false","",0,"false","false","false","false","false","false","2025-08-05T20:03:41.211Z"
"celektagroup.se","https://celektagroup.se",3,"blacklist_match","","group",0,0,"false","false","false",0,"inactive","","","","","false","",0,"false","false","false","false","false","false","2025-08-05T20:03:42.774Z"
"bilparkenbilservice.se","https://bilparkenbilservice.se",3,"blacklist_match","","service",0,0,"false","false","false",0,"inactive","","","","","false","",0,"false","false","false","false","false","false","2025-08-05T20:03:43.560Z"
"monkeygroup.sk","https://monkeygroup.sk",3,"blacklist_match","","group",0,0,"false","false","false",0,"inactive","","","","","false","",0,"false","false","false","false","false","false","2025-08-05T20:03:44.343Z"
"patiensonline.se","https://patiensonline.se",3,"blacklist_match","","online",0,0,"false","false","false",0,"inactive","","","","","false","",0,"false","false","false","false","false","false","2025-08-05T20:03:45.124Z"
"tosseelservice.se","https://tosseelservice.se",3,"blacklist_match","","service",0,0,"false","false","false",0,"inactive","","","","","false","",0,"false","false","false","false","false","false","2025-08-05T20:03:45.903Z"
"corestoneacademy.se","https://corestoneacademy.se",3,"blacklist_match","","my",0,0,"false","false","false",0,"inactive","","","","","false","",0,"false","false","false","false","false","false","2025-08-05T20:03:47.687Z"
"mygamblo.nu","https://mygamblo.nu",3,"blacklist_match","","my",0,0,"false","false","false",0,"inactive","","","","","false","",0,"false","false","false","false","false","false","2025-08-05T20:03:49.248Z"
"cleverbreeder.sk","https://cleverbreeder.sk",3,"blacklist_match","","cl",0,0,"false","false","false",0,"inactive","","","","","false","",0,"false","false","false","false","false","false","2025-08-05T20:03:50.030Z"
"webfound.se","https://webfound.se",3,"blacklist_match","","web",0,0,"false","false","false",0,"inactive","","","","","false","",0,"false","false","false","false","false","false","2025-08-05T20:03:50.814Z"
"clene.se","https://clene.se",3,"blacklist_match","","cl",0,0,"false","false","false",0,"inactive","","","","","false","",0,"false","false","false","false","false","false","2025-08-05T20:03:51.602Z"
"kaspay.se","https://kaspay.se",3,"blacklist_match","","pay",0,0,"false","false","false",0,"inactive","","","","","false","",0,"false","false","false","false","false","false","2025-08-05T20:03:53.166Z"
"cercle.se","https://cercle.se",3,"blacklist_match","","cl",0,0,"false","false","false",0,"inactive","","","","","false","",0,"false","false","false","false","false","false","2025-08-05T20:03:53.944Z"
"mobilepdrservice.sk","https://mobilepdrservice.sk",3,"blacklist_match","","service",0,0,"false","false","false",0,"inactive","","","","","false","",0,"false","false","false","false","false","false","2025-08-05T20:03:54.727Z"
"flawlessmail.se","https://flawlessmail.se",3,"blacklist_match","","mail",0,0,"false","false","false",0,"inactive","","","","","false","",0,"false","false","false","false","false","false","2025-08-05T20:03:55.510Z"
"virtualadmin4you.se","https://virtualadmin4you.se",3,"blacklist_match","","admin",0,0,"false","false","false",0,"inactive","","","","","false","",0,"false","false","false","false","false","false","2025-08-05T20:03:56.291Z"
"dronclean.sk","https://dronclean.sk",3,"blacklist_match","","cl",0,0,"false","false","false",0,"inactive","","","","","false","",0,"false","false","false","false","false","false","2025-08-05T20:03:57.071Z"
"hostingreviews.nu","https://hostingreviews.nu",3,"blacklist_match","","view",0,0,"false","false","false",0,"inactive","","","","","false","",0,"false","false","false","false","false","false","2025-08-05T20:03:57.854Z"
"stockholmhyperbaricclinic.se","https://stockholmhyperbaricclinic.se",3,"blacklist_match","","cl",0,0,"false","false","false",0,"inactive","","","","","false","",0,"false","false","false","false","false","false","2025-08-05T20:03:58.636Z"
"tygkasseonline.se","https://tygkasseonline.se",3,"blacklist_match","","online",0,0,"false","false","false",0,"inactive","","","","","false","",0,"false","false","false","false","false","false","2025-08-05T20:03:59.420Z"
"banchangroup.sk","https://banchangroup.sk",3,"blacklist_match","","group",0,0,"false","false","false",0,"inactive","","","","","false","",0,"false","false","false","false","false","false","2025-08-05T20:04:00.207Z"
"luckypays.se","https://luckypays.se",3,"blacklist_match","","pay",0,0,"false","false","false",0,"inactive","","","","","false","",0,"false","false","false","false","false","false","2025-08-05T20:04:01.771Z"
"findklinik.nu","https://findklinik.nu",3,"blacklist_match","","find",0,0,"false","false","false",0,"inactive","","","","","false","",0,"false","false","false","false","false","false","2025-08-05T20:04:02.551Z"
"nafta-wellservices.sk","https://nafta-wellservices.sk",3,"blacklist_match","","service",0,0,"false","false","false",0,"inactive","","","","","false","",0,"false","false","false","false","false","false","2025-08-05T20:04:03.330Z"
"steambeestadservice.se","https://steambeestadservice.se",3,"blacklist_match","","service",0,0,"false","false","false",0,"inactive","","","","","false","",0,"false","false","false","false","false","false","2025-08-05T20:04:04.141Z"
"tryggmail.se","https://tryggmail.se",3,"blacklist_match","","mail",0,0,"false","false","false",0,"inactive","","","","","false","",0,"false","false","false","false","false","false","2025-08-05T20:04:05.762Z"
"meetmycrewab.se","https://meetmycrewab.se",3,"blacklist_match","","my",0,0,"false","false","false",0,"inactive","","","","","false","",0,"false","false","false","false","false","false","2025-08-05T20:04:06.545Z"
"mylabels.sk","https://mylabels.sk",3,"blacklist_match","","my",0,0,"false","false","false",0,"inactive","","","","","false","",0,"false","false","false","false","false","false","2025-08-05T20:04:07.329Z"
"trimbleacademy.sk","https://trimbleacademy.sk",3,"blacklist_match","","my",0,0,"false","false","false",0,"inactive","","","","","false","",0,"false","false","false","false","false","false","2025-08-05T20:04:08.910Z"
"peaceandsecurity.se","https://peaceandsecurity.se",3,"blacklist_match","","security",0,0,"false","false","false",0,"inactive","","","","","false","",0,"false","false","false","false","false","false","2025-08-05T20:04:09.692Z"
"akagroup.se","https://akagroup.se",3,"blacklist_match","","group",0,0,"false","false","false",0,"inactive","","","","","false","",0,"false","false","false","false","false","false","2025-08-05T20:04:10.471Z"
"ergonomiclight.se","https://ergonomiclight.se",3,"blacklist_match","","cl",0,0,"false","false","false",0,"inactive","","","","","false","",0,"false","false","false","false","false","false","2025-08-05T20:04:12.032Z"
"webinargrowth.se","https://webinargrowth.se",3,"blacklist_match","","web",0,0,"false","false","false",0,"inactive","","","","","false","",0,"false","false","false","false","false","false","2025-08-05T20:04:12.820Z"
"safe-tee.se","https://safe-tee.se",3,"blacklist_match","","safe",0,0,"false","false","false",0,"inactive","","","","","false","",0,"false","false","false","false","false","false","2025-08-05T20:04:13.603Z"
"flawlessagencycloud.se","https://flawlessagencycloud.se",3,"blacklist_match","","cl",0,0,"false","false","false",0,"inactive","","","","","false","",0,"false","false","false","false","false","false","2025-08-05T20:04:14.388Z"
"myrholm.se","https://myrholm.se",3,"blacklist_match","","my",0,0,"false","false","false",0,"inactive","","","","","false","",0,"false","false","false","false","false","false","2025-08-05T20:04:15.172Z"
"cashclash.se","https://cashclash.se",3,"blacklist_match","","cl",0,0,"false","false","false",0,"inactive","","","","","false","",0,"false","false","false","false","false","false","2025-08-05T20:04:15.958Z"
"darqweb.se","https://darqweb.se",3,"blacklist_match","","web",0,0,"false","false","false",0,"inactive","","","","","false","",0,"false","false","false","false","false","false","2025-08-05T20:04:16.753Z"
"dsstadservice.se","https://dsstadservice.se",3,"blacklist_match","","service",0,0,"false","false","false",0,"inactive","","","","","false","",0,"false","false","false","false","false","false","2025-08-05T20:04:17.538Z"
"webbena.se","https://webbena.se",3,"blacklist_match","","web",0,0,"false","false","false",0,"inactive","","","","","false","",0,"false","false","false","false","false","false","2025-08-05T20:04:18.324Z"
"tfccl.se","https://tfccl.se",3,"blacklist_match","","cl",0,0,"false","false","false",0,"inactive","","","","","false","",0,"false","false","false","false","false","false","2025-08-05T20:04:19.106Z"
"mycketatt.se","https://mycketatt.se",3,"blacklist_match","","my",0,0,"false","false","false",0,"inactive","","","","","false","",0,"false","false","false","false","false","false","2025-08-05T20:04:19.885Z"
"cleanaquair.se","https://cleanaquair.se",3,"blacklist_match","","cl",0,0,"false","false","false",0,"inactive","","","","","false","",0,"false","false","false","false","false","false","2025-08-05T20:04:21.462Z"
"meetmycrew.se","https://meetmycrew.se",3,"blacklist_match","","my",0,0,"false","false","false",0,"inactive","","","","","false","",0,"false","false","false","false","false","false","2025-08-05T20:04:23.022Z"
"jgbyggfastighetsservice.se","https://jgbyggfastighetsservice.se",3,"blacklist_match","","service",0,0,"false","false","false",0,"inactive","","","","","false","",0,"false","false","false","false","false","false","2025-08-05T20:04:23.804Z"
"businessinstitute.sk","https://businessinstitute.sk",3,"blacklist_match","","business",0,0,"false","false","false",0,"inactive","","","","","false","",0,"false","false","false","false","false","false","2025-08-05T20:04:25.371Z"
"evolvemyway.se","https://evolvemyway.se",3,"blacklist_match","","my",0,0,"false","false","false",0,"inactive","","","","","false","",0,"false","false","false","false","false","false","2025-08-05T20:04:28.839Z"
"stockholmhbotclinic.se","https://stockholmhbotclinic.se",3,"blacklist_match","","cl",0,0,"false","false","false",0,"inactive","","","","","false","",0,"false","false","false","false","false","false","2025-08-05T20:04:29.620Z"
"aiallservice.se","https://aiallservice.se",3,"blacklist_match","","service",0,0,"false","false","false",0,"inactive","","","","","false","",0,"false","false","false","false","false","false","2025-08-05T20:04:31.183Z"
"festclassicrockband.sk","https://festclassicrockband.sk",3,"blacklist_match","","cl",0,0,"false","false","false",0,"inactive","","","","","false","",0,"false","false","false","false","false","false","2025-08-05T20:04:31.962Z"
"elevateitgroup.se","https://elevateitgroup.se",3,"blacklist_match","","group",0,0,"false","false","false",0,"inactive","","","","","false","",0,"false","false","false","false","false","false","2025-08-05T20:04:32.743Z"
"jramail.se","https://jramail.se",3,"blacklist_match","","mail",0,0,"false","false","false",0,"inactive","","","","","false","",0,"false","false","false","false","false","false","2025-08-05T20:04:34.302Z"
"myopendoctor.se","https://myopendoctor.se",3,"blacklist_match","","my",0,0,"false","false","false",0,"inactive","","","","","false","",0,"false","false","false","false","false","false","2025-08-05T20:04:35.080Z"
"kralhmyzu.sk","https://kralhmyzu.sk",3,"blacklist_match","","my",0,0,"false","false","false",0,"inactive","","","","","false","",0,"false","false","false","false","false","false","2025-08-05T20:04:35.859Z"
"candoclub.nu","https://candoclub.nu",3,"blacklist_match","","cl",0,0,"false","false","false",0,"inactive","","","","","false","",0,"false","false","false","false","false","false","2025-08-05T20:04:36.639Z"
"mymasjid.se","https://mymasjid.se",3,"blacklist_match","","my",0,0,"false","false","false",0,"inactive","","","","","false","",0,"false","false","false","false","false","false","2025-08-05T20:04:37.419Z"
"ns2.srv.webblymedia.se","https://ns2.srv.webblymedia.se",3,"blacklist_match","","web",0,0,"false","false","false",0,"inactive","","","","","false","",0,"false","false","false","false","false","false","2025-08-05T20:04:38.198Z"
"clarioralight.se","https://clarioralight.se",3,"blacklist_match","","cl",0,0,"false","false","false",0,"inactive","","","","","false","",0,"false","false","false","false","false","false","2025-08-05T20:04:38.982Z"
"xn--serviceavtal-vrmepump-j2b.se","https://xn--serviceavtal-vrmepump-j2b.se",3,"blacklist_match","","service",0,0,"false","false","false",0,"inactive","","","","","false","",0,"false","false","false","false","false","false","2025-08-05T20:04:39.760Z"
"flawlessconnect.se","https://flawlessconnect.se",3,"blacklist_match","","connect",0,0,"false","false","false",0,"inactive","","","","","false","",0,"false","false","false","false","false","false","2025-08-05T20:04:40.543Z"
"tholinfastighetsservice.se","https://tholinfastighetsservice.se",3,"blacklist_match","","service",0,0,"false","false","false",0,"inactive","","","","","false","",0,"false","false","false","false","false","false","2025-08-05T20:04:41.324Z"
"teeclothes.se","https://teeclothes.se",3,"blacklist_match","","cl",0,0,"false","false","false",0,"inactive","","","","","false","",0,"false","false","false","false","false","false","2025-08-05T20:04:42.104Z"
"xn--idrottenssljbolag-zqb.se","https://xn--idrottenssljbolag-zqb.se",3,"blacklist_match","","ssl",0,0,"false","false","false",0,"inactive","","","","","false","",0,"false","false","false","false","false","false","2025-08-05T20:04:42.882Z"
"belowzerosnowmobile.se","https://belowzerosnowmobile.se",3,"blacklist_match","","mobile",0,0,"false","false","false",0,"inactive","","","","","false","",0,"false","false","false","false","false","false","2025-08-05T20:04:43.665Z"
"domyzhome.sk","https://domyzhome.sk",3,"blacklist_match","","my",0,0,"false","false","false",0,"inactive","","","","","false","",0,"false","false","false","false","false","false","2025-08-05T20:04:44.446Z"
"elitgroup.se","https://elitgroup.se",3,"blacklist_match","","group",0,0,"false","false","false",0,"inactive","","","","","false","",0,"false","false","false","false","false","false","2025-08-05T20:04:45.227Z"
"webshopajtte.se","https://webshopajtte.se",3,"blacklist_match","","web",0,0,"false","false","false",0,"inactive","","","","","false","",0,"false","false","false","false","false","false","2025-08-05T20:04:46.007Z"
"serviceta.se","https://serviceta.se",3,"blacklist_match","","service",0,0,"false","false","false",0,"inactive","","","","","false","",0,"false","false","false","false","false","false","2025-08-05T20:04:46.786Z"
"industryservice.nu","https://industryservice.nu",3,"blacklist_match","","service",0,0,"false","false","false",0,"inactive","","","","","false","",0,"false","false","false","false","false","false","2025-08-05T20:04:47.567Z"
"coolermobile.se","https://coolermobile.se",3,"blacklist_match","","mobile",0,0,"false","false","false",0,"inactive","","","","","false","",0,"false","false","false","false","false","false","2025-08-05T20:04:48.369Z"
"triansgroup.sk","https://triansgroup.sk",3,"blacklist_match","","group",0,0,"false","false","false",0,"inactive","","","","","false","",0,"false","false","false","false","false","false","2025-08-05T20:04:49.148Z"
"my-trendyhair.sk","https://my-trendyhair.sk",3,"blacklist_match","","my",0,0,"false","false","false",0,"inactive","","","","","false","",0,"false","false","false","false","false","false","2025-08-05T20:04:49.927Z"
"xn--kpsmrtlindringnramigisverige-8mcl65c.se","https://xn--kpsmrtlindringnramigisverige-8mcl65c.se",3,"blacklist_match","","cl",0,0,"false","false","false",0,"inactive","","","","","false","",0,"false","false","false","false","false","false","2025-08-05T20:04:50.705Z"
"businessvisionaries.sk","https://businessvisionaries.sk",3,"blacklist_match","","business",0,0,"false","false","false",0,"inactive","","","","","false","",0,"false","false","false","false","false","false","2025-08-05T20:04:52.271Z"
"caldiragroup.se","https://caldiragroup.se",3,"blacklist_match","","group",0,0,"false","false","false",0,"inactive","","","","","false","",0,"false","false","false","false","false","false","2025-08-05T20:04:54.629Z"
"binabeautyclinic.se","https://binabeautyclinic.se",3,"blacklist_match","","cl",0,0,"false","false","false",0,"inactive","","","","","false","",0,"false","false","false","false","false","false","2025-08-05T20:04:55.410Z"
"clipcluster.se","https://clipcluster.se",3,"blacklist_match","","cl",0,0,"false","false","false",0,"inactive","","","","","false","",0,"false","false","false","false","false","false","2025-08-05T20:04:57.750Z"
"portall.sk","https://portall.sk",3,"blacklist_match","","portal",0,0,"false","false","false",0,"inactive","","","","","false","",0,"false","false","false","false","false","false","2025-08-05T20:05:00.089Z"
"mweby.sk","https://mweby.sk",3,"blacklist_match","","web",0,0,"false","false","false",0,"inactive","","","","","false","",0,"false","false","false","false","false","false","2025-08-05T20:05:02.262Z"
"clarino.se","https://clarino.se",3,"blacklist_match","","cl",0,0,"false","false","false",0,"inactive","","","","","false","",0,"false","false","false","false","false","false","2025-08-05T20:05:03.078Z"
"domshostingreviews.nu","https://domshostingreviews.nu",3,"blacklist_match","","view",0,0,"false","false","false",0,"inactive","","","","","false","",0,"false","false","false","false","false","false","2025-08-05T20:05:03.870Z"
"swedishnuclear.se","https://swedishnuclear.se",3,"blacklist_match","","cl",0,0,"false","false","false",0,"inactive","","","","","false","",0,"false","false","false","false","false","false","2025-08-05T20:05:04.665Z"
"extremeclean.se","https://extremeclean.se",3,"blacklist_match","","cl",0,0,"false","false","false",0,"inactive","","","","","false","",0,"false","false","false","false","false","false","2025-08-05T20:05:05.459Z"
"bitbanken.nu","https://bitbanken.nu",3,"blacklist_match","","bank",0,0,"false","false","false",0,"inactive","","","","","false","",0,"false","false","false","false","false","false","2025-08-05T20:05:06.247Z"
"craftwebbdesign.se","https://craftwebbdesign.se",3,"blacklist_match","","web",0,0,"false","false","false",0,"inactive","","","","","false","",0,"false","false","false","false","false","false","2025-08-05T20:05:08.034Z"
"embsmyofascialrelease.se","https://embsmyofascialrelease.se",3,"blacklist_match","","my",0,0,"false","false","false",0,"inactive","","","","","false","",0,"false","false","false","false","false","false","2025-08-05T20:05:08.828Z"
"safetyguardsweden.se","https://safetyguardsweden.se",3,"blacklist_match","","safe",0,0,"false","false","false",0,"inactive","","","","","false","",0,"false","false","false","false","false","false","2025-08-05T20:05:09.625Z"
"zemkoweb.sk","https://zemkoweb.sk",3,"blacklist_match","","web",0,0,"false","false","false",0,"inactive","","","","","false","",0,"false","false","false","false","false","false","2025-08-05T20:05:11.196Z"
"fcclinkoping.se","https://fcclinkoping.se",3,"blacklist_match","","cl",0,0,"false","false","false",0,"inactive","","","","","false","",0,"false","false","false","false","false","false","2025-08-05T20:05:11.986Z"
"nackabilservice.se","https://nackabilservice.se",3,"blacklist_match","","service",0,0,"false","false","false",0,"inactive","","","","","false","",0,"false","false","false","false","false","false","2025-08-05T20:05:12.769Z"
"webpilot.se","https://webpilot.se",3,"blacklist_match","","web",0,0,"false","false","false",0,"inactive","","","","","false","",0,"false","false","false","false","false","false","2025-08-05T20:05:13.554Z"
"clubmaid.se","https://clubmaid.se",3,"blacklist_match","","cl",0,0,"false","false","false",0,"inactive","","","","","false","",0,"false","false","false","false","false","false","2025-08-05T20:05:14.338Z"
"utemys.se","https://utemys.se",3,"blacklist_match","","my",0,0,"false","false","false",0,"inactive","","","","","false","",0,"false","false","false","false","false","false","2025-08-05T20:05:15.125Z"
"reformyou.se","https://reformyou.se",3,"blacklist_match","","my",0,0,"false","false","false",0,"inactive","","","","","false","",0,"false","false","false","false","false","false","2025-08-05T20:05:15.921Z"
"nationalhealthclinic.sk","https://nationalhealthclinic.sk",3,"blacklist_match","","cl",0,0,"false","false","false",0,"inactive","","","","","false","",0,"false","false","false","false","false","false","2025-08-05T20:05:16.708Z"
"domymadarsko.sk","https://domymadarsko.sk",3,"blacklist_match","","my",0,0,"false","false","false",0,"inactive","","","","","false","",0,"false","false","false","false","false","false","2025-08-05T20:05:17.500Z"
"lifeadmin.se","https://lifeadmin.se",3,"blacklist_match","","admin",0,0,"false","false","false",0,"inactive","","","","","false","",0,"false","false","false","false","false","false","2025-08-05T20:05:18.282Z"
"safe-t.se","https://safe-t.se",3,"blacklist_match","","safe",0,0,"false","false","false",0,"inactive","","","","","false","",0,"false","false","false","false","false","false","2025-08-05T20:05:19.062Z"
"cerclebleu.se","https://cerclebleu.se",3,"blacklist_match","","cl",0,0,"false","false","false",0,"inactive","","","","","false","",0,"false","false","false","false","false","false","2025-08-05T20:05:19.843Z"
"webook.sk","https://webook.sk",3,"blacklist_match","","web",0,0,"false","false","false",0,"inactive","","","","","false","",0,"false","false","false","false","false","false","2025-08-05T20:05:20.626Z"
"ns2.webblymedia.se","https://ns2.webblymedia.se",3,"blacklist_match","","web",0,0,"false","false","false",0,"inactive","","","","","false","",0,"false","false","false","false","false","false","2025-08-05T20:05:21.421Z"
"labubuonline.se","https://labubuonline.se",3,"blacklist_match","","online",0,0,"false","false","false",0,"inactive","","","","","false","",0,"false","false","false","false","false","false","2025-08-05T20:05:22.210Z"
"sitacademy.se","https://sitacademy.se",3,"blacklist_match","","my",0,0,"false","false","false",0,"inactive","","","","","false","",0,"false","false","false","false","false","false","2025-08-05T20:05:23.797Z"
"myowndartsclubb.se","https://myowndartsclubb.se",3,"blacklist_match","","my",0,0,"false","false","false",0,"inactive","","","","","false","",0,"false","false","false","false","false","false","2025-08-05T20:05:24.588Z"
"reviewportal.se","https://reviewportal.se",3,"blacklist_match","","portal",0,0,"false","false","false",0,"inactive","","","","","false","",0,"false","false","false","false","false","false","2025-08-05T20:05:25.377Z"
"brindagroup.se","https://brindagroup.se",3,"blacklist_match","","group",0,0,"false","false","false",0,"inactive","","","","","false","",0,"false","false","false","false","false","false","2025-08-05T20:05:26.948Z"
"clinvo.se","https://clinvo.se",3,"blacklist_match","","cl",0,0,"false","false","false",0,"inactive","","","","","false","",0,"false","false","false","false","false","false","2025-08-05T20:05:27.729Z"
"europegroup.sk","https://europegroup.sk",3,"blacklist_match","","group",0,0,"false","false","false",0,"inactive","","","","","false","",0,"false","false","false","false","false","false","2025-08-05T20:05:28.510Z"
"xn--mycketvedframfrstugan-uec.se","https://xn--mycketvedframfrstugan-uec.se",3,"blacklist_match","","my",0,0,"false","false","false",0,"inactive","","","","","false","",0,"false","false","false","false","false","false","2025-08-05T20:05:29.291Z"
"firstsafety.se","https://firstsafety.se",3,"blacklist_match","","safe",0,0,"false","false","false",0,"inactive","","","","","false","",0,"false","false","false","false","false","false","2025-08-05T20:05:30.090Z"
"click2drop.se","https://click2drop.se",3,"blacklist_match","","click;cl",0,0,"false","false","false",0,"inactive","","","","","false","",0,"false","false","false","false","false","false","2025-08-05T20:05:31.661Z"
"phf-group.se","https://phf-group.se",3,"blacklist_match","","group",0,0,"false","false","false",0,"inactive","","","","","false","",0,"false","false","false","false","false","false","2025-08-05T20:05:33.232Z"
"samaelmediagroup.se","https://samaelmediagroup.se",3,"blacklist_match","","group",0,0,"false","false","false",0,"inactive","","","","","false","",0,"false","false","false","false","false","false","2025-08-05T20:05:34.796Z"
"nucleotida.se","https://nucleotida.se",3,"blacklist_match","","cl",0,0,"false","false","false",0,"inactive","","","","","false","",0,"false","false","false","false","false","false","2025-08-05T20:05:35.584Z"
"ns1.webblymedia.se","https://ns1.webblymedia.se",3,"blacklist_match","","web",0,0,"false","false","false",0,"inactive","","","","","false","",0,"false","false","false","false","false","false","2025-08-05T20:05:36.375Z"
"clocktracker.se","https://clocktracker.se",3,"blacklist_match","","cl",0,0,"false","false","false",0,"inactive","","","","","false","",0,"false","false","false","false","false","false","2025-08-05T20:05:37.164Z"
"nordfastservice.se","https://nordfastservice.se",3,"blacklist_match","","service",0,0,"false","false","false",0,"inactive","","","","","false","",0,"false","false","false","false","false","false","2025-08-05T20:05:37.951Z"
"webbmera.se","https://webbmera.se",3,"blacklist_match","","web",0,0,"false","false","false",0,"inactive","","","","","false","",0,"false","false","false","false","false","false","2025-08-05T20:05:38.745Z"
"bon-claire.se","https://bon-claire.se",3,"blacklist_match","","cl",0,0,"false","false","false",0,"inactive","","","","","false","",0,"false","false","false","false","false","false","2025-08-05T20:05:40.319Z"
"secureflow.se","https://secureflow.se",3,"blacklist_match","","secure",0,0,"false","false","false",0,"inactive","","","","","false","",0,"false","false","false","false","false","false","2025-08-05T20:05:41.105Z"
"crypto4me.sk","https://crypto4me.sk",3,"blacklist_match","","crypto",0,0,"false","false","false",0,"inactive","","","","","false","",0,"false","false","false","false","false","false","2025-08-05T20:05:41.888Z"
"loclify.se","https://loclify.se",3,"blacklist_match","","cl",0,0,"false","false","false",0,"inactive","","","","","false","",0,"false","false","false","false","false","false","2025-08-05T20:05:42.681Z"
"xn--webbfralla-icb.se","https://xn--webbfralla-icb.se",3,"blacklist_match","","web",0,0,"false","false","false",0,"inactive","","","","","false","",0,"false","false","false","false","false","false","2025-08-05T20:05:44.252Z"
"mvpservices.sk","https://mvpservices.sk",3,"blacklist_match","","service",0,0,"false","false","false",0,"inactive","","","","","false","",0,"false","false","false","false","false","false","2025-08-05T20:05:45.040Z"
"zelovceonline.sk","https://zelovceonline.sk",3,"blacklist_match","","online",0,0,"false","false","false",0,"inactive","","","","","false","",0,"false","false","false","false","false","false","2025-08-05T20:05:45.829Z"
"kcgroup.sk","https://kcgroup.sk",3,"blacklist_match","","group",0,0,"false","false","false",0,"inactive","","","","","false","",0,"false","false","false","false","false","false","2025-08-05T20:05:47.623Z"
"bankovyvypiskonvertor.sk","https://bankovyvypiskonvertor.sk",3,"blacklist_match","","bank",0,0,"false","false","false",0,"inactive","","","","","false","",0,"false","false","false","false","false","false","2025-08-05T20:05:48.406Z"
"mybesties.se","https://mybesties.se",3,"blacklist_match","","my",0,0,"false","false","false",0,"inactive","","","","","false","",0,"false","false","false","false","false","false","2025-08-05T20:05:49.195Z"
"tee-clothes.se","https://tee-clothes.se",3,"blacklist_match","","cl",0,0,"false","false","false",0,"inactive","","","","","false","",0,"false","false","false","false","false","false","2025-08-05T20:05:50.760Z"
"lumieresafety.se","https://lumieresafety.se",3,"blacklist_match","","safe",0,0,"false","false","false",0,"inactive","","","","","false","",0,"false","false","false","false","false","false","2025-08-05T20:05:51.543Z"
"vintagesmyck.se","https://vintagesmyck.se",3,"blacklist_match","","my",0,0,"false","false","false",0,"inactive","","","","","false","",0,"false","false","false","false","false","false","2025-08-05T20:05:52.325Z"
"catalystgroup.se","https://catalystgroup.se",3,"blacklist_match","","group",0,0,"false","false","false",0,"inactive","","","","","false","",0,"false","false","false","false","false","false","2025-08-05T20:05:53.113Z"
"evolvitaccounting.se","https://evolvitaccounting.se",3,"blacklist_match","","account",0,0,"false","false","false",0,"inactive","","","","","false","",0,"false","false","false","false","false","false","2025-08-05T20:05:53.896Z"
"plsgroup.sk","https://plsgroup.sk",3,"blacklist_match","","group",0,0,"false","false","false",0,"inactive","","","","","false","",0,"false","false","false","false","false","false","2025-08-05T20:05:55.463Z"
"myndighetskris.se","https://myndighetskris.se",3,"blacklist_match","","my",0,0,"false","false","false",0,"inactive","","","","","false","",0,"false","false","false","false","false","false","2025-08-05T20:05:57.025Z"
"skodaekonomyservis.sk","https://skodaekonomyservis.sk",3,"blacklist_match","","my",0,0,"false","false","false",0,"inactive","","","","","false","",0,"false","false","false","false","false","false","2025-08-05T20:05:57.809Z"
"thevillagroup.se","https://thevillagroup.se",3,"blacklist_match","","group",0,0,"false","false","false",0,"inactive","","","","","false","",0,"false","false","false","false","false","false","2025-08-05T20:05:58.593Z"
"sundsvallsskadeservice.se","https://sundsvallsskadeservice.se",3,"blacklist_match","","service",0,0,"false","false","false",0,"inactive","","","","","false","",0,"false","false","false","false","false","false","2025-08-05T20:05:59.376Z"
"grundvattenportalen.se","https://grundvattenportalen.se",3,"blacklist_match","","portal",0,0,"false","false","false",0,"inactive","","","","","false","",0,"false","false","false","false","false","false","2025-08-05T20:06:00.168Z"
"aldoreclothing.se","https://aldoreclothing.se",3,"blacklist_match","","cl",0,0,"false","false","false",0,"inactive","","","","","false","",0,"false","false","false","false","false","false","2025-08-05T20:06:00.955Z"
"soclose.nu","https://soclose.nu",3,"blacklist_match","","cl",0,0,"false","false","false",0,"inactive","","","","","false","",0,"false","false","false","false","false","false","2025-08-05T20:06:01.738Z"
"bmeclean.sk","https://bmeclean.sk",3,"blacklist_match","","cl",0,0,"false","false","false",0,"inactive","","","","","false","",0,"false","false","false","false","false","false","2025-08-05T20:06:02.529Z"
"locli.se","https://locli.se",3,"blacklist_match","","cl",0,0,"false","false","false",0,"inactive","","","","","false","",0,"false","false","false","false","false","false","2025-08-05T20:06:03.315Z"
"elevateitgroup.nu","https://elevateitgroup.nu",3,"blacklist_match","","group",0,0,"false","false","false",0,"inactive","","","","","false","",0,"false","false","false","false","false","false","2025-08-05T20:06:04.099Z"
"mojewebioo.sk","https://mojewebioo.sk",3,"blacklist_match","","web",0,0,"false","false","false",0,"inactive","","","","","false","",0,"false","false","false","false","false","false","2025-08-05T20:06:04.883Z"
"classjet.sk","https://classjet.sk",3,"blacklist_match","","cl",0,0,"false","false","false",0,"inactive","","","","","false","",0,"false","false","false","false","false","false","2025-08-05T20:06:06.447Z"
"verifyride.se","https://verifyride.se",3,"blacklist_match","","verify",0,0,"false","false","false",0,"inactive","","","","","false","",0,"false","false","false","false","false","false","2025-08-05T20:06:07.229Z"
"lnhgroup.sk","https://lnhgroup.sk",3,"blacklist_match","","group",0,0,"false","false","false",0,"inactive","","","","","false","",0,"false","false","false","false","false","false","2025-08-05T20:06:08.017Z"
"safet.se","https://safet.se",3,"blacklist_match","","safe",0,0,"false","false","false",0,"inactive","","","","","false","",0,"false","false","false","false","false","false","2025-08-05T20:06:08.801Z"
"klausmannvincentgroup.nu","https://klausmannvincentgroup.nu",3,"blacklist_match","","group",0,0,"false","false","false",0,"inactive","","","","","false","",0,"false","false","false","false","false","false","2025-08-05T20:06:09.586Z"
"vagportalen.se","https://vagportalen.se",3,"blacklist_match","","portal",0,0,"false","false","false",0,"inactive","","","","","false","",0,"false","false","false","false","false","false","2025-08-05T20:06:11.159Z"
"paypernews.se","https://paypernews.se",3,"blacklist_match","","pay",0,0,"false","false","false",0,"inactive","","","","","false","",0,"false","false","false","false","false","false","2025-08-05T20:06:11.943Z"
"cleverfeeder.sk","https://cleverfeeder.sk",3,"blacklist_match","","cl",0,0,"false","false","false",0,"inactive","","","","","false","",0,"false","false","false","false","false","false","2025-08-05T20:06:12.724Z"
"macclean.sk","https://macclean.sk",3,"blacklist_match","","cl",0,0,"false","false","false",0,"inactive","","","","","false","",0,"false","false","false","false","false","false","2025-08-05T20:06:13.509Z"
"tasslyx.se","https://tasslyx.se",3,"blacklist_match","","ssl",0,0,"false","false","false",0,"inactive","","","","","false","",0,"false","false","false","false","false","false","2025-08-05T20:06:14.291Z"
"melinaedeportal.se","https://melinaedeportal.se",3,"blacklist_match","","portal",0,0,"false","false","false",0,"inactive","","","","","false","",0,"false","false","false","false","false","false","2025-08-05T20:06:15.076Z"
"nodasgroup.se","https://nodasgroup.se",3,"blacklist_match","","group",0,0,"false","false","false",0,"inactive","","","","","false","",0,"false","false","false","false","false","false","2025-08-05T20:06:16.640Z"
"stockholmroleplayclan.se","https://stockholmroleplayclan.se",3,"blacklist_match","","cl",0,0,"false","false","false",0,"inactive","","","","","false","",0,"false","false","false","false","false","false","2025-08-05T20:06:18.206Z"
"amateur-mountain-club.se","https://amateur-mountain-club.se",3,"blacklist_match","","cl",0,0,"false","false","false",0,"inactive","","","","","false","",0,"false","false","false","false","false","false","2025-08-05T20:06:19.785Z"
"alphclothing.se","https://alphclothing.se",3,"blacklist_match","","cl",0,0,"false","false","false",0,"inactive","","","","","false","",0,"false","false","false","false","false","false","2025-08-05T20:06:20.571Z"
"calmyra.sk","https://calmyra.sk",3,"blacklist_match","","my",0,0,"false","false","false",0,"inactive","","","","","false","",0,"false","false","false","false","false","false","2025-08-05T20:06:21.355Z"
"webbely.se","https://webbely.se",3,"blacklist_match","","web",0,0,"false","false","false",0,"inactive","","","","","false","",0,"false","false","false","false","false","false","2025-08-05T20:06:22.142Z"
"framtidenswebb.se","https://framtidenswebb.se",3,"blacklist_match","","web",0,0,"false","false","false",0,"inactive","","","","","false","",0,"false","false","false","false","false","false","2025-08-05T20:06:22.927Z"
"cloudwp.sk","https://cloudwp.sk",3,"blacklist_match","","cl",0,0,"false","false","false",0,"inactive","","","","","false","",0,"false","false","false","false","false","false","2025-08-05T20:06:23.711Z"
"webfound.se","https://webfound.se",3,"blacklist_match","","web",0,0,"false","false","false",0,"inactive","","","","","false","",0,"false","false","false","false","false","false","2025-08-05T20:06:24.495Z"
"domymadarsko.sk","https://domymadarsko.sk",3,"blacklist_match","","my",0,0,"false","false","false",0,"inactive","","","","","false","",0,"false","false","false","false","false","false","2025-08-05T20:06:25.276Z"
"jebgolf-business.se","https://jebgolf-business.se",3,"blacklist_match","","business",0,0,"false","false","false",0,"inactive","","","","","false","",0,"false","false","false","false","false","false","2025-08-05T20:06:27.860Z"
"mycheeseontoast.nu","https://mycheeseontoast.nu",3,"blacklist_match","","my",0,0,"false","false","false",0,"inactive","","","","","false","",0,"false","false","false","false","false","false","2025-08-05T20:06:28.647Z"
"netgamegroup.se","https://netgamegroup.se",3,"blacklist_match","","group",0,0,"false","false","false",0,"inactive","","","","","false","",0,"false","false","false","false","false","false","2025-08-05T20:06:29.435Z"
"bankollen.se","https://bankollen.se",3,"blacklist_match","","bank",0,0,"false","false","false",0,"inactive","","","","","false","",0,"false","false","false","false","false","false","2025-08-05T20:06:31.011Z"
"blue-class.sk","https://blue-class.sk",3,"blacklist_match","","blue",0,0,"false","false","false",0,"inactive","","","","","false","",0,"false","false","false","false","false","false","2025-08-05T20:06:31.801Z"
"byblue-innovation.nu","https://byblue-innovation.nu",3,"blacklist_match","","blue",0,0,"false","false","false",0,"inactive","","","","","false","",0,"false","false","false","false","false","false","2025-08-05T20:06:32.602Z"
"byggrecycling.se","https://byggrecycling.se",3,"blacklist_match","","cl",0,0,"false","false","false",0,"inactive","","","","","false","",0,"false","false","false","false","false","false","2025-08-05T20:06:33.397Z"
"storstockholmclan.se","https://storstockholmclan.se",3,"blacklist_match","","cl",0,0,"false","false","false",0,"inactive","","","","","false","",0,"false","false","false","false","false","false","2025-08-05T20:06:34.187Z"
"fh-portalen.se","https://fh-portalen.se",3,"blacklist_match","","portal",0,0,"false","false","false",0,"inactive","","","","","false","",0,"false","false","false","false","false","false","2025-08-05T20:06:34.972Z"
"xn--fretagsjourenonline-q6b.nu","https://xn--fretagsjourenonline-q6b.nu",3,"blacklist_match","","online",0,0,"false","false","false",0,"inactive","","","","","false","",0,"false","false","false","false","false","false","2025-08-05T20:06:35.758Z"
"cryptocartel.sk","https://cryptocartel.sk",3,"blacklist_match","","crypto",0,0,"false","false","false",0,"inactive","","","","","false","",0,"false","false","false","false","false","false","2025-08-05T20:06:38.110Z"
"cgemy.ee","https://cgemy.ee",3,"blacklist_match","","my",0,0,"false","false","false",0,"inactive","","","","","false","",0,"false","false","false","false","false","false","2025-08-05T20:06:38.894Z"
"dsstadservice.se","https://dsstadservice.se",3,"blacklist_match","","service",0,0,"false","false","false",0,"inactive","","","","","false","",0,"false","false","false","false","false","false","2025-08-05T20:06:39.675Z"
"cloud3.se","https://cloud3.se",3,"blacklist_match","","cl",0,0,"false","false","false",0,"inactive","","","","","false","",0,"false","false","false","false","false","false","2025-08-05T20:06:40.461Z"
"onlinepsykologer.se","https://onlinepsykologer.se",3,"blacklist_match","","online",0,0,"false","false","false",0,"inactive","","","","","false","",0,"false","false","false","false","false","false","2025-08-05T20:06:41.250Z"
"natural-clinic.sk","https://natural-clinic.sk",3,"blacklist_match","","cl",0,0,"false","false","false",0,"inactive","","","","","false","",0,"false","false","false","false","false","false","2025-08-05T20:06:42.034Z"
"myvirtuellassistent.se","https://myvirtuellassistent.se",3,"blacklist_match","","my",0,0,"false","false","false",0,"inactive","","","","","false","",0,"false","false","false","false","false","false","2025-08-05T20:06:42.823Z"
"hqdrehofenservice.nu","https://hqdrehofenservice.nu",3,"blacklist_match","","service",0,0,"false","false","false",0,"inactive","","","","","false","",0,"false","false","false","false","false","false","2025-08-05T20:06:43.601Z"
"xn--kpsmrtlindringnramigisverige-8mcl65c.se","https://xn--kpsmrtlindringnramigisverige-8mcl65c.se",3,"blacklist_match","","cl",0,0,"false","false","false",0,"inactive","","","","","false","",0,"false","false","false","false","false","false","2025-08-05T20:06:45.166Z"
"dubajskeparfemy.sk","https://dubajskeparfemy.sk",3,"blacklist_match","","my",0,0,"false","false","false",0,"inactive","","","","","false","",0,"false","false","false","false","false","false","2025-08-05T20:06:46.729Z"
"jcwebdesign.sk","https://jcwebdesign.sk",3,"blacklist_match","","web",0,0,"false","false","false",0,"inactive","","","","","false","",0,"false","false","false","false","false","false","2025-08-05T20:06:47.515Z"
"servicegrowth.se","https://servicegrowth.se",3,"blacklist_match","","service",0,0,"false","false","false",0,"inactive","","","","","false","",0,"false","false","false","false","false","false","2025-08-05T20:06:48.297Z"
"teeclothes.se","https://teeclothes.se",3,"blacklist_match","","cl",0,0,"false","false","false",0,"inactive","","","","","false","",0,"false","false","false","false","false","false","2025-08-05T20:06:49.080Z"
"snusbutikonline.se","https://snusbutikonline.se",3,"blacklist_match","","online",0,0,"false","false","false",0,"inactive","","","","","false","",0,"false","false","false","false","false","false","2025-08-05T20:06:49.863Z"
"tavackoligroup.se","https://tavackoligroup.se",3,"blacklist_match","","group",0,0,"false","false","false",0,"inactive","","","","","false","",0,"false","false","false","false","false","false","2025-08-05T20:06:50.647Z"
"niclasbrantas.se","https://niclasbrantas.se",3,"blacklist_match","","cl",0,0,"false","false","false",0,"inactive","","","","","false","",0,"false","false","false","false","false","false","2025-08-05T20:06:51.438Z"
"rivusericae.se","https://rivusericae.se",3,"blacklist_match","","user",0,0,"false","false","false",0,"inactive","","","","","false","",0,"false","false","false","false","false","false","2025-08-05T20:06:52.226Z"
"steakacademy.sk","https://steakacademy.sk",3,"blacklist_match","","my",0,0,"false","false","false",0,"inactive","","","","","false","",0,"false","false","false","false","false","false","2025-08-05T20:06:53.014Z"
"pngronyteservice.se","https://pngronyteservice.se",3,"blacklist_match","","service",0,0,"false","false","false",0,"inactive","","","","","false","",0,"false","false","false","false","false","false","2025-08-05T20:06:53.796Z"
"binabeautyclinic.se","https://binabeautyclinic.se",3,"blacklist_match","","cl",0,0,"false","false","false",0,"inactive","","","","","false","",0,"false","false","false","false","false","false","2025-08-05T20:06:55.371Z"
"thinkfiresecurity.se","https://thinkfiresecurity.se",3,"blacklist_match","","security",0,0,"false","false","false",0,"inactive","","","","","false","",0,"false","false","false","false","false","false","2025-08-05T20:06:56.161Z"
"mousers.se","https://mousers.se",3,"blacklist_match","","user",0,0,"false","false","false",0,"inactive","","","","","false","",0,"false","false","false","false","false","false","2025-08-05T20:06:56.948Z"
"inscycler.se","https://inscycler.se",3,"blacklist_match","","cl",0,0,"false","false","false",0,"inactive","","","","","false","",0,"false","false","false","false","false","false","2025-08-05T20:06:57.739Z"
"sjomyrgard.se","https://sjomyrgard.se",3,"blacklist_match","","my",0,0,"false","false","false",0,"inactive","","","","","false","",0,"false","false","false","false","false","false","2025-08-05T20:06:58.522Z"
"papayaglobal.sk","https://papayaglobal.sk",3,"blacklist_match","","pay",0,0,"false","false","false",0,"inactive","","","","","false","",0,"false","false","false","false","false","false","2025-08-05T20:06:59.305Z"
"miracledom.nu","https://miracledom.nu",3,"blacklist_match","","cl",0,0,"false","false","false",0,"inactive","","","","","false","",0,"false","false","false","false","false","false","2025-08-05T20:07:00.089Z"
"cliqueshop.se","https://cliqueshop.se",3,"blacklist_match","","cl",0,0,"false","false","false",0,"inactive","","","","","false","",0,"false","false","false","false","false","false","2025-08-05T20:07:00.872Z"
"mojewebioo.sk","https://mojewebioo.sk",3,"blacklist_match","","web",0,0,"false","false","false",0,"inactive","","","","","false","",0,"false","false","false","false","false","false","2025-08-05T20:07:01.656Z"
"container-service.se","https://container-service.se",3,"blacklist_match","","service",0,0,"false","false","false",0,"inactive","","","","","false","",0,"false","false","false","false","false","false","2025-08-05T20:07:02.439Z"
"keszegovaclean.sk","https://keszegovaclean.sk",3,"blacklist_match","","cl",0,0,"false","false","false",0,"inactive","","","","","false","",0,"false","false","false","false","false","false","2025-08-05T20:07:03.220Z"
"idpservices.se","https://idpservices.se",3,"blacklist_match","","service",0,0,"false","false","false",0,"inactive","","","","","false","",0,"false","false","false","false","false","false","2025-08-05T20:07:04.786Z"
"prstadserviceboras.se","https://prstadserviceboras.se",3,"blacklist_match","","service",0,0,"false","false","false",0,"inactive","","","","","false","",0,"false","false","false","false","false","false","2025-08-05T20:07:06.571Z"
"mailerdemon.se","https://mailerdemon.se",3,"blacklist_match","","mail",0,0,"false","false","false",0,"inactive","","","","","false","",0,"false","false","false","false","false","false","2025-08-05T20:07:08.135Z"
"wax-clean.se","https://wax-clean.se",3,"blacklist_match","","cl",0,0,"false","false","false",0,"inactive","","","","","false","",0,"false","false","false","false","false","false","2025-08-05T20:07:08.924Z"
"bitbanken.nu","https://bitbanken.nu",3,"blacklist_match","","bank",0,0,"false","false","false",0,"inactive","","","","","false","",0,"false","false","false","false","false","false","2025-08-05T20:07:10.494Z"
"kleoclinic.se","https://kleoclinic.se",3,"blacklist_match","","cl",0,0,"false","false","false",0,"inactive","","","","","false","",0,"false","false","false","false","false","false","2025-08-05T20:07:11.277Z"
"emcleadership.nu","https://emcleadership.nu",3,"blacklist_match","","cl",0,0,"false","false","false",0,"inactive","","","","","false","",0,"false","false","false","false","false","false","2025-08-05T20:07:12.065Z"
"advokatkessler.sk","https://advokatkessler.sk",3,"blacklist_match","","ssl",0,0,"false","false","false",0,"inactive","","","","","false","",0,"false","false","false","false","false","false","2025-08-05T20:07:12.848Z"
"aiwallet.se","https://aiwallet.se",3,"blacklist_match","","wallet",0,0,"false","false","false",0,"inactive","","","","","false","",0,"false","false","false","false","false","false","2025-08-05T20:07:13.637Z"
"franksallservice.se","https://franksallservice.se",3,"blacklist_match","","service",0,0,"false","false","false",0,"inactive","","","","","false","",0,"false","false","false","false","false","false","2025-08-05T20:07:14.421Z"
"bukoconnect.se","https://bukoconnect.se",3,"blacklist_match","","connect",0,0,"false","false","false",0,"inactive","","","","","false","",0,"false","false","false","false","false","false","2025-08-05T20:07:15.214Z"
"ns1.webblymedia.se","https://ns1.webblymedia.se",3,"blacklist_match","","web",0,0,"false","false","false",0,"inactive","","","","","false","",0,"false","false","false","false","false","false","2025-08-05T20:07:15.998Z"
"lindstrommail.se","https://lindstrommail.se",3,"blacklist_match","","mail",0,0,"false","false","false",0,"inactive","","","","","false","",0,"false","false","false","false","false","false","2025-08-05T20:07:16.785Z"
"lnhgroup.sk","https://lnhgroup.sk",3,"blacklist_match","","group",0,0,"false","false","false",0,"inactive","","","","","false","",0,"false","false","false","false","false","false","2025-08-05T20:07:17.569Z"
"odengardallservice.se","https://odengardallservice.se",3,"blacklist_match","","service",0,0,"false","false","false",0,"inactive","","","","","false","",0,"false","false","false","false","false","false","2025-08-05T20:07:19.944Z"
"whitifygroup.se","https://whitifygroup.se",3,"blacklist_match","","group",0,0,"false","false","false",0,"inactive","","","","","false","",0,"false","false","false","false","false","false","2025-08-05T20:07:20.727Z"
"europegroup.sk","https://europegroup.sk",3,"blacklist_match","","group",0,0,"false","false","false",0,"inactive","","","","","false","",0,"false","false","false","false","false","false","2025-08-05T20:07:22.296Z"
"installia.se","https://installia.se",3,"blacklist_match","","install",0,0,"false","false","false",0,"inactive","","","","","false","",0,"false","false","false","false","false","false","2025-08-05T20:07:23.078Z"
"cerclebleu.se","https://cerclebleu.se",3,"blacklist_match","","cl",0,0,"false","false","false",0,"inactive","","","","","false","",0,"false","false","false","false","false","false","2025-08-05T20:07:23.862Z"
"campconnect.sk","https://campconnect.sk",3,"blacklist_match","","connect",0,0,"false","false","false",0,"inactive","","","","","false","",0,"false","false","false","false","false","false","2025-08-05T20:07:24.644Z"
"webley.se","https://webley.se",3,"blacklist_match","","web",0,0,"false","false","false",0,"inactive","","","","","false","",0,"false","false","false","false","false","false","2025-08-05T20:07:25.431Z"
"kralhmyzu.sk","https://kralhmyzu.sk",3,"blacklist_match","","my",0,0,"false","false","false",0,"inactive","","","","","false","",0,"false","false","false","false","false","false","2025-08-05T20:07:26.214Z"
"mauth.se","https://mauth.se",3,"blacklist_match","","auth",0,0,"false","false","false",0,"inactive","","","","","false","",0,"false","false","false","false","false","false","2025-08-05T20:07:26.993Z"
"connectait.se","https://connectait.se",3,"blacklist_match","","connect",0,0,"false","false","false",0,"inactive","","","","","false","",0,"false","false","false","false","false","false","2025-08-05T20:07:27.777Z"
"safed.sk","https://safed.sk",3,"blacklist_match","","safe",0,0,"false","false","false",0,"inactive","","","","","false","",0,"false","false","false","false","false","false","2025-08-05T20:07:28.562Z"
"ai-kursonline.se","https://ai-kursonline.se",3,"blacklist_match","","online",0,0,"false","false","false",0,"inactive","","","","","false","",0,"false","false","false","false","false","false","2025-08-05T20:07:29.344Z"
"servercloud.se","https://servercloud.se",3,"blacklist_match","","cl",0,0,"false","false","false",0,"inactive","","","","","false","",0,"false","false","false","false","false","false","2025-08-05T20:07:30.126Z"
"revengeshallpurifymyblood.se","https://revengeshallpurifymyblood.se",3,"blacklist_match","","my",0,0,"false","false","false",0,"inactive","","","","","false","",0,"false","false","false","false","false","false","2025-08-05T20:07:30.908Z"
"clixio.sk","https://clixio.sk",3,"blacklist_match","","cl",0,0,"false","false","false",0,"inactive","","","","","false","",0,"false","false","false","false","false","false","2025-08-05T20:07:31.686Z"
"ns2.webblymedia.se","https://ns2.webblymedia.se",3,"blacklist_match","","web",0,0,"false","false","false",0,"inactive","","","","","false","",0,"false","false","false","false","false","false","2025-08-05T20:07:33.250Z"
"recyclon.se","https://recyclon.se",3,"blacklist_match","","cl",0,0,"false","false","false",0,"inactive","","","","","false","",0,"false","false","false","false","false","false","2025-08-05T20:07:34.031Z"
"blu-class.sk","https://blu-class.sk",3,"blacklist_match","","cl",0,0,"false","false","false",0,"inactive","","","","","false","",0,"false","false","false","false","false","false","2025-08-05T20:07:34.820Z"
"webswift.sk","https://webswift.sk",3,"blacklist_match","","web",0,0,"false","false","false",0,"inactive","","","","","false","",0,"false","false","false","false","false","false","2025-08-05T20:07:36.387Z"
"whfsecurity.sk","https://whfsecurity.sk",3,"blacklist_match","","security",0,0,"false","false","false",0,"inactive","","","","","false","",0,"false","false","false","false","false","false","2025-08-05T20:07:37.168Z"
"candoclub.nu","https://candoclub.nu",3,"blacklist_match","","cl",0,0,"false","false","false",0,"inactive","","","","","false","",0,"false","false","false","false","false","false","2025-08-05T20:07:37.954Z"
"myowndartsclubb.se","https://myowndartsclubb.se",3,"blacklist_match","","my",0,0,"false","false","false",0,"inactive","","","","","false","",0,"false","false","false","false","false","false","2025-08-05T20:07:39.510Z"
"webbhandboken.se","https://webbhandboken.se",3,"blacklist_match","","web",0,0,"false","false","false",0,"inactive","","","","","false","",0,"false","false","false","false","false","false","2025-08-05T20:07:40.294Z"
"villavessla.se","https://villavessla.se",3,"blacklist_match","","ssl",0,0,"false","false","false",0,"inactive","","","","","false","",0,"false","false","false","false","false","false","2025-08-05T20:07:41.082Z"
"dhclinic.sk","https://dhclinic.sk",3,"blacklist_match","","cl",0,0,"false","false","false",0,"inactive","","","","","false","",0,"false","false","false","false","false","false","2025-08-05T20:07:41.877Z"
"demowebbnat.se","https://demowebbnat.se",3,"blacklist_match","","web",0,0,"false","false","false",0,"inactive","","","","","false","",0,"false","false","false","false","false","false","2025-08-05T20:07:42.659Z"
"digitalnyclovek.sk","https://digitalnyclovek.sk",3,"blacklist_match","","cl",0,0,"false","false","false",0,"inactive","","","","","false","",0,"false","false","false","false","false","false","2025-08-05T20:07:43.440Z"
"relaxreconnect.se","https://relaxreconnect.se",3,"blacklist_match","","connect",0,0,"false","false","false",0,"inactive","","","","","false","",0,"false","false","false","false","false","false","2025-08-05T20:07:44.229Z"
"ooooclub.sk","https://ooooclub.sk",3,"blacklist_match","","cl",0,0,"false","false","false",0,"inactive","","","","","false","",0,"false","false","false","false","false","false","2025-08-05T20:07:45.014Z"
"marktradgardsservice.se","https://marktradgardsservice.se",3,"blacklist_match","","service",0,0,"false","false","false",0,"inactive","","","","","false","",0,"false","false","false","false","false","false","2025-08-05T20:07:45.794Z"
"ns2.casinosupporten.se","https://ns2.casinosupporten.se",3,"blacklist_match","","support",0,0,"false","false","false",0,"inactive","","","","","false","",0,"false","false","false","false","false","false","2025-08-05T20:07:46.578Z"
"injectorsacademy.se","https://injectorsacademy.se",3,"blacklist_match","","my",0,0,"false","false","false",0,"inactive","","","","","false","",0,"false","false","false","false","false","false","2025-08-05T20:07:47.373Z"
"clipia.se","https://clipia.se",3,"blacklist_match","","cl",0,0,"false","false","false",0,"inactive","","","","","false","",0,"false","false","false","false","false","false","2025-08-05T20:07:48.158Z"
"giga-cloud.sk","https://giga-cloud.sk",3,"blacklist_match","","cl",0,0,"false","false","false",0,"inactive","","","","","false","",0,"false","false","false","false","false","false","2025-08-05T20:07:49.725Z"
"hyperbaricclinic.se","https://hyperbaricclinic.se",3,"blacklist_match","","cl",0,0,"false","false","false",0,"inactive","","","","","false","",0,"false","false","false","false","false","false","2025-08-05T20:07:50.515Z"
"skrotportal.se","https://skrotportal.se",3,"blacklist_match","","portal",0,0,"false","false","false",0,"inactive","","","","","false","",0,"false","false","false","false","false","false","2025-08-05T20:07:51.292Z"
"mffsupport.se","https://mffsupport.se",3,"blacklist_match","","support",0,0,"false","false","false",0,"inactive","","","","","false","",0,"false","false","false","false","false","false","2025-08-05T20:07:52.076Z"
"frazzekungavmys.se","https://frazzekungavmys.se",3,"blacklist_match","","my",0,0,"false","false","false",0,"inactive","","","","","false","",0,"false","false","false","false","false","false","2025-08-05T20:07:53.652Z"
"virestagroup.se","https://virestagroup.se",3,"blacklist_match","","group",0,0,"false","false","false",0,"inactive","","","","","false","",0,"false","false","false","false","false","false","2025-08-05T20:07:54.452Z"
"mygjb.ee","https://mygjb.ee",3,"blacklist_match","","my",0,0,"false","false","false",0,"inactive","","","","","false","",0,"false","false","false","false","false","false","2025-08-05T20:07:55.243Z"
"naomylamine.se","https://naomylamine.se",3,"blacklist_match","","my",0,0,"false","false","false",0,"inactive","","","","","false","",0,"false","false","false","false","false","false","2025-08-05T20:07:56.027Z"
"metronomonline.se","https://metronomonline.se",3,"blacklist_match","","online",0,0,"false","false","false",0,"inactive","","","","","false","",0,"false","false","false","false","false","false","2025-08-05T20:07:56.818Z"
"onlineklar.se","https://onlineklar.se",3,"blacklist_match","","online",0,0,"false","false","false",0,"inactive","","","","","false","",0,"false","false","false","false","false","false","2025-08-05T20:07:57.606Z"
"xn--mycketvedframfrstugan-uec.se","https://xn--mycketvedframfrstugan-uec.se",3,"blacklist_match","","my",0,0,"false","false","false",0,"inactive","","","","","false","",0,"false","false","false","false","false","false","2025-08-05T20:07:58.392Z"
"stoppiavlopphassleholm.se","https://stoppiavlopphassleholm.se",3,"blacklist_match","","ssl",0,0,"false","false","false",0,"inactive","","","","","false","",0,"false","false","false","false","false","false","2025-08-05T20:07:59.171Z"
"grundvattenportalen.se","https://grundvattenportalen.se",3,"blacklist_match","","portal",0,0,"false","false","false",0,"inactive","","","","","false","",0,"false","false","false","false","false","false","2025-08-05T20:07:59.953Z"
"nordicdealsonline.se","https://nordicdealsonline.se",3,"blacklist_match","","online",0,0,"false","false","false",0,"inactive","","","","","false","",0,"false","false","false","false","false","false","2025-08-05T20:08:00.740Z"
"tosseelservice.se","https://tosseelservice.se",3,"blacklist_match","","service",0,0,"false","false","false",0,"inactive","","","","","false","",0,"false","false","false","false","false","false","2025-08-05T20:08:01.526Z"
"carmy-backend.se","https://carmy-backend.se",3,"blacklist_match","","my",0,0,"false","false","false",0,"inactive","","","","","false","",0,"false","false","false","false","false","false","2025-08-05T20:08:02.306Z"
"evolvitaccounting.se","https://evolvitaccounting.se",3,"blacklist_match","","account",0,0,"false","false","false",0,"inactive","","","","","false","",0,"false","false","false","false","false","false","2025-08-05T20:08:03.892Z"
"unlockedmind.se","https://unlockedmind.se",3,"blacklist_match","","unlock",0,0,"false","false","false",0,"inactive","","","","","false","",0,"false","false","false","false","false","false","2025-08-05T20:08:04.678Z"
"claesolutions.se","https://claesolutions.se",3,"blacklist_match","","cl",0,0,"false","false","false",0,"inactive","","","","","false","",0,"false","false","false","false","false","false","2025-08-05T20:08:05.480Z"
"verktygsbanken.nu","https://verktygsbanken.nu",3,"blacklist_match","","bank",0,0,"false","false","false",0,"inactive","","","","","false","",0,"false","false","false","false","false","false","2025-08-05T20:08:06.273Z"
"puncturesafe.se","https://puncturesafe.se",3,"blacklist_match","","safe",0,0,"false","false","false",0,"inactive","","","","","false","",0,"false","false","false","false","false","false","2025-08-05T20:08:07.064Z"
"vintagesmyck.se","https://vintagesmyck.se",3,"blacklist_match","","my",0,0,"false","false","false",0,"inactive","","","","","false","",0,"false","false","false","false","false","false","2025-08-05T20:08:07.845Z"
"clerum.sk","https://clerum.sk",3,"blacklist_match","","cl",0,0,"false","false","false",0,"inactive","","","","","false","",0,"false","false","false","false","false","false","2025-08-05T20:08:08.640Z"
"logopedservice.se","https://logopedservice.se",3,"blacklist_match","","service",0,0,"false","false","false",0,"inactive","","","","","false","",0,"false","false","false","false","false","false","2025-08-05T20:08:09.429Z"
"clene.se","https://clene.se",3,"blacklist_match","","cl",0,0,"false","false","false",0,"inactive","","","","","false","",0,"false","false","false","false","false","false","2025-08-05T20:08:10.235Z"
"kundbank.se","https://kundbank.se",3,"blacklist_match","","bank",0,0,"false","false","false",0,"inactive","","","","","false","",0,"false","false","false","false","false","false","2025-08-05T20:08:11.016Z"
"nordiclinks.se","https://nordiclinks.se",3,"blacklist_match","","cl",0,0,"false","false","false",0,"inactive","","","","","false","",0,"false","false","false","false","false","false","2025-08-05T20:08:11.811Z"
"tdweby.sk","https://tdweby.sk",3,"blacklist_match","","web",0,0,"false","false","false",0,"inactive","","","","","false","",0,"false","false","false","false","false","false","2025-08-05T20:08:12.604Z"
"cleanitstudio.sk","https://cleanitstudio.sk",3,"blacklist_match","","cl",0,0,"false","false","false",0,"inactive","","","","","false","",0,"false","false","false","false","false","false","2025-08-05T20:08:13.402Z"
"cleanshoes.se","https://cleanshoes.se",3,"blacklist_match","","cl",0,0,"false","false","false",0,"inactive","","","","","false","",0,"false","false","false","false","false","false","2025-08-05T20:08:14.203Z"
"business-loans.se","https://business-loans.se",3,"blacklist_match","","business",0,0,"false","false","false",0,"inactive","","","","","false","",0,"false","false","false","false","false","false","2025-08-05T20:08:16.165Z"
"abprosupport.se","https://abprosupport.se",3,"blacklist_match","","support",0,0,"false","false","false",0,"inactive","","","","","false","",0,"false","false","false","false","false","false","2025-08-05T20:08:16.969Z"
"vonneagroup.se","https://vonneagroup.se",3,"blacklist_match","","group",0,0,"false","false","false",0,"inactive","","","","","false","",0,"false","false","false","false","false","false","2025-08-05T20:08:18.547Z"
"cleanaquair.se","https://cleanaquair.se",3,"blacklist_match","","cl",0,0,"false","false","false",0,"inactive","","","","","false","",0,"false","false","false","false","false","false","2025-08-05T20:08:19.351Z"
"brandtweb.se","https://brandtweb.se",3,"blacklist_match","","web",0,0,"false","false","false",0,"inactive","","","","","false","",0,"false","false","false","false","false","false","2025-08-05T20:08:20.143Z"
"emmylund.se","https://emmylund.se",3,"blacklist_match","","my",0,0,"false","false","false",0,"inactive","","","","","false","",0,"false","false","false","false","false","false","2025-08-05T20:08:20.938Z"
"happyclip.se","https://happyclip.se",3,"blacklist_match","","cl",0,0,"false","false","false",0,"inactive","","","","","false","",0,"false","false","false","false","false","false","2025-08-05T20:08:21.744Z"
"hunteracademy.se","https://hunteracademy.se",3,"blacklist_match","","my",0,0,"false","false","false",0,"inactive","","","","","false","",0,"false","false","false","false","false","false","2025-08-05T20:08:22.543Z"
"aera-online.se","https://aera-online.se",3,"blacklist_match","","online",0,0,"false","false","false",0,"inactive","","","","","false","",0,"false","false","false","false","false","false","2025-08-05T20:08:24.133Z"
"claritystudio.se","https://claritystudio.se",3,"blacklist_match","","cl",0,0,"false","false","false",0,"inactive","","","","","false","",0,"false","false","false","false","false","false","2025-08-05T20:08:24.928Z"
"junebank.se","https://junebank.se",3,"blacklist_match","","bank",0,0,"false","false","false",0,"inactive","","","","","false","",0,"false","false","false","false","false","false","2025-08-05T20:08:27.332Z"
"safetyguardscandinavia.se","https://safetyguardscandinavia.se",3,"blacklist_match","","safe",0,0,"false","false","false",0,"inactive","","","","","false","",0,"false","false","false","false","false","false","2025-08-05T20:08:28.120Z"
"ratemydorm.sk","https://ratemydorm.sk",3,"blacklist_match","","my",0,0,"false","false","false",0,"inactive","","","","","false","",0,"false","false","false","false","false","false","2025-08-05T20:08:28.900Z"
"nodasgroup.se","https://nodasgroup.se",3,"blacklist_match","","group",0,0,"false","false","false",0,"inactive","","","","","false","",0,"false","false","false","false","false","false","2025-08-05T20:08:29.694Z"
"europeanentertainmentgroup.se","https://europeanentertainmentgroup.se",3,"blacklist_match","","group",0,0,"false","false","false",0,"inactive","","","","","false","",0,"false","false","false","false","false","false","2025-08-05T20:08:30.489Z"
"ibpadmin.sk","https://ibpadmin.sk",3,"blacklist_match","","admin",0,0,"false","false","false",0,"inactive","","","","","false","",0,"false","false","false","false","false","false","2025-08-05T20:08:31.282Z"
"gummybites.se","https://gummybites.se",3,"blacklist_match","","my",0,0,"false","false","false",0,"inactive","","","","","false","",0,"false","false","false","false","false","false","2025-08-05T20:08:32.075Z"
"ariyagroup.se","https://ariyagroup.se",3,"blacklist_match","","group",0,0,"false","false","false",0,"inactive","","","","","false","",0,"false","false","false","false","false","false","2025-08-05T20:08:32.870Z"
"zmexclusive.sk","https://zmexclusive.sk",3,"blacklist_match","","cl",0,0,"false","false","false",0,"inactive","","","","","false","",0,"false","false","false","false","false","false","2025-08-05T20:08:33.676Z"
"caservicetransport.nu","https://caservicetransport.nu",3,"blacklist_match","","service",0,0,"false","false","false",0,"inactive","","","","","false","",0,"false","false","false","false","false","false","2025-08-05T20:08:34.473Z"
"webshopajtte.se","https://webshopajtte.se",3,"blacklist_match","","web",0,0,"false","false","false",0,"inactive","","","","","false","",0,"false","false","false","false","false","false","2025-08-05T20:08:35.266Z"
"bluediamond.se","https://bluediamond.se",3,"blacklist_match","","blue",0,0,"false","false","false",0,"inactive","","","","","false","",0,"false","false","false","false","false","false","2025-08-05T20:08:36.055Z"
"mailofficetel.se","https://mailofficetel.se",3,"blacklist_match","","mail",0,0,"false","false","false",0,"inactive","","","","","false","",0,"false","false","false","false","false","false","2025-08-05T20:08:36.852Z"
"elinpay.se","https://elinpay.se",3,"blacklist_match","","pay",0,0,"false","false","false",0,"inactive","","","","","false","",0,"false","false","false","false","false","false","2025-08-05T20:08:38.443Z"
"flawlessgroup.se","https://flawlessgroup.se",3,"blacklist_match","","group",0,0,"false","false","false",0,"inactive","","","","","false","",0,"false","false","false","false","false","false","2025-08-05T20:08:39.234Z"
"nfcservices.se","https://nfcservices.se",3,"blacklist_match","","service",0,0,"false","false","false",0,"inactive","","","","","false","",0,"false","false","false","false","false","false","2025-08-05T20:08:40.014Z"
"angelikaacademy.sk","https://angelikaacademy.sk",3,"blacklist_match","","my",0,0,"false","false","false",0,"inactive","","","","","false","",0,"false","false","false","false","false","false","2025-08-05T20:08:40.806Z"
"tasslyx.se","https://tasslyx.se",3,"blacklist_match","","ssl",0,0,"false","false","false",0,"inactive","","","","","false","",0,"false","false","false","false","false","false","2025-08-05T20:08:41.601Z"
"myrestacken.se","https://myrestacken.se",3,"blacklist_match","","my",0,0,"false","false","false",0,"inactive","","","","","false","",0,"false","false","false","false","false","false","2025-08-05T20:08:42.398Z"
"webblymedia.nu","https://webblymedia.nu",3,"blacklist_match","","web",0,0,"false","false","false",0,"inactive","","","","","false","",0,"false","false","false","false","false","false","2025-08-05T20:08:43.194Z"
"ameliaeconomy.sk","https://ameliaeconomy.sk",3,"blacklist_match","","my",0,0,"false","false","false",0,"inactive","","","","","false","",0,"false","false","false","false","false","false","2025-08-05T20:08:43.984Z"
"clouderclub.ee","https://clouderclub.ee",3,"blacklist_match","","cl",0,0,"false","false","false",0,"inactive","","","","","false","",0,"false","false","false","false","false","false","2025-08-05T20:08:44.783Z"
"meetmycrewab.se","https://meetmycrewab.se",3,"blacklist_match","","my",0,0,"false","false","false",0,"inactive","","","","","false","",0,"false","false","false","false","false","false","2025-08-05T20:08:45.586Z"
"snuswebbshop.se","https://snuswebbshop.se",3,"blacklist_match","","web",0,0,"false","false","false",0,"inactive","","","","","false","",0,"false","false","false","false","false","false","2025-08-05T20:08:46.367Z"
"trimbleacademy.sk","https://trimbleacademy.sk",3,"blacklist_match","","my",0,0,"false","false","false",0,"inactive","","","","","false","",0,"false","false","false","false","false","false","2025-08-05T20:08:47.162Z"
"fanclip.sk","https://fanclip.sk",3,"blacklist_match","","cl",0,0,"false","false","false",0,"inactive","","","","","false","",0,"false","false","false","false","false","false","2025-08-05T20:08:47.949Z"
"getsidemail.se","https://getsidemail.se",3,"blacklist_match","","mail",0,0,"false","false","false",0,"inactive","","","","","false","",0,"false","false","false","false","false","false","2025-08-05T20:08:48.744Z"
"juristportal.se","https://juristportal.se",3,"blacklist_match","","portal",0,0,"false","false","false",0,"inactive","","","","","false","",0,"false","false","false","false","false","false","2025-08-05T20:08:49.530Z"
"mommyverse.se","https://mommyverse.se",3,"blacklist_match","","my",0,0,"false","false","false",0,"inactive","","","","","false","",0,"false","false","false","false","false","false","2025-08-05T20:08:50.325Z"
"noxcloud.se","https://noxcloud.se",3,"blacklist_match","","cl",0,0,"false","false","false",0,"inactive","","","","","false","",0,"false","false","false","false","false","false","2025-08-05T20:08:51.109Z"
"cleanbidet.se","https://cleanbidet.se",3,"blacklist_match","","cl",0,0,"false","false","false",0,"inactive","","","","","false","",0,"false","false","false","false","false","false","2025-08-05T20:08:52.704Z"
"beprofiacademy.sk","https://beprofiacademy.sk",3,"blacklist_match","","my",0,0,"false","false","false",0,"inactive","","","","","false","",0,"false","false","false","false","false","false","2025-08-05T20:08:53.500Z"
"cleanery.se","https://cleanery.se",3,"blacklist_match","","cl",0,0,"false","false","false",0,"inactive","","","","","false","",0,"false","false","false","false","false","false","2025-08-05T20:08:54.302Z"
"xn--lparportalen-4ib.se","https://xn--lparportalen-4ib.se",3,"blacklist_match","","portal",0,0,"false","false","false",0,"inactive","","","","","false","",0,"false","false","false","false","false","false","2025-08-05T20:08:55.096Z"
"webbmera.se","https://webbmera.se",3,"blacklist_match","","web",0,0,"false","false","false",0,"inactive","","","","","false","",0,"false","false","false","false","false","false","2025-08-05T20:08:55.902Z"
"youthesgacademy.sk","https://youthesgacademy.sk",3,"blacklist_match","","my",0,0,"false","false","false",0,"inactive","","","","","false","",0,"false","false","false","false","false","false","2025-08-05T20:08:56.700Z"
"petclean-nordic.se","https://petclean-nordic.se",3,"blacklist_match","","cl",0,0,"false","false","false",0,"inactive","","","","","false","",0,"false","false","false","false","false","false","2025-08-05T20:08:57.498Z"
"affiliateprogramy.sk","https://affiliateprogramy.sk",3,"blacklist_match","","my",0,0,"false","false","false",0,"inactive","","","","","false","",0,"false","false","false","false","false","false","2025-08-05T20:08:58.298Z"
"bmeclean.sk","https://bmeclean.sk",3,"blacklist_match","","cl",0,0,"false","false","false",0,"inactive","","","","","false","",0,"false","false","false","false","false","false","2025-08-05T20:08:59.094Z"
"icl.sk","https://icl.sk",3,"blacklist_match","","cl",0,0,"false","false","false",0,"inactive","","","","","false","",0,"false","false","false","false","false","false","2025-08-05T20:08:59.880Z"
"myarsenalstrength.sk","https://myarsenalstrength.sk",3,"blacklist_match","","my",0,0,"false","false","false",0,"inactive","","","","","false","",0,"false","false","false","false","false","false","2025-08-05T20:09:00.685Z"
"myskyweather.se","https://myskyweather.se",3,"blacklist_match","","my",0,0,"false","false","false",0,"inactive","","","","","false","",0,"false","false","false","false","false","false","2025-08-05T20:09:01.493Z"
"batclub.se","https://batclub.se",3,"blacklist_match","","cl",0,0,"false","false","false",0,"inactive","","","","","false","",0,"false","false","false","false","false","false","2025-08-05T20:09:02.293Z"
"nodicpay.se","https://nodicpay.se",3,"blacklist_match","","pay",0,0,"false","false","false",0,"inactive","","","","","false","",0,"false","false","false","false","false","false","2025-08-05T20:09:03.110Z"
"sunshineclub.sk","https://sunshineclub.sk",3,"blacklist_match","","cl",0,0,"false","false","false",0,"inactive","","","","","false","",0,"false","false","false","false","false","false","2025-08-05T20:09:04.690Z"
"bilparkenbilservice.se","https://bilparkenbilservice.se",3,"blacklist_match","","service",0,0,"false","false","false",0,"inactive","","","","","false","",0,"false","false","false","false","false","false","2025-08-05T20:09:06.530Z"
"akaiacademy.se","https://akaiacademy.se",3,"blacklist_match","","my",0,0,"false","false","false",0,"inactive","","","","","false","",0,"false","false","false","false","false","false","2025-08-05T20:09:08.097Z"
"coolermobile.se","https://coolermobile.se",3,"blacklist_match","","mobile",0,0,"false","false","false",0,"inactive","","","","","false","",0,"false","false","false","false","false","false","2025-08-05T20:09:08.888Z"
"qranitbank.nu","https://qranitbank.nu",3,"blacklist_match","","bank",0,0,"false","false","false",0,"inactive","","","","","false","",0,"false","false","false","false","false","false","2025-08-05T20:09:09.677Z"
"ecleinterier.sk","https://ecleinterier.sk",3,"blacklist_match","","cl",0,0,"false","false","false",0,"inactive","","","","","false","",0,"false","false","false","false","false","false","2025-08-05T20:09:10.473Z"
"botniagoldmining.se","https://botniagoldmining.se",3,"blacklist_match","","mining",0,0,"false","false","false",0,"inactive","","","","","false","",0,"false","false","false","false","false","false","2025-08-05T20:09:13.091Z"
"healerclarity.se","https://healerclarity.se",3,"blacklist_match","","cl",0,0,"false","false","false",0,"inactive","","","","","false","",0,"false","false","false","false","false","false","2025-08-05T20:09:14.678Z"
"linnesmycken.se","https://linnesmycken.se",3,"blacklist_match","","my",0,0,"false","false","false",0,"inactive","","","","","false","",0,"false","false","false","false","false","false","2025-08-05T20:09:15.479Z"
"nymagroup.se","https://nymagroup.se",3,"blacklist_match","","group",0,0,"false","false","false",0,"inactive","","","","","false","",0,"false","false","false","false","false","false","2025-08-05T20:09:16.282Z"
"thecircleoflife.nu","https://thecircleoflife.nu",3,"blacklist_match","","cl",0,0,"false","false","false",0,"inactive","","","","","false","",0,"false","false","false","false","false","false","2025-08-05T20:09:17.075Z"
"clipcluster.se","https://clipcluster.se",3,"blacklist_match","","cl",0,0,"false","false","false",0,"inactive","","","","","false","",0,"false","false","false","false","false","false","2025-08-05T20:09:17.870Z"
"armweb.ee","https://armweb.ee",3,"blacklist_match","","web",0,0,"false","false","false",0,"inactive","","","","","false","",0,"false","false","false","false","false","false","2025-08-05T20:09:18.653Z"
"ufoautoservice.sk","https://ufoautoservice.sk",3,"blacklist_match","","service",0,0,"false","false","false",0,"inactive","","","","","false","",0,"false","false","false","false","false","false","2025-08-05T20:09:20.263Z"
"myvapatches.se","https://myvapatches.se",3,"blacklist_match","","my",0,0,"false","false","false",0,"inactive","","","","","false","",0,"false","false","false","false","false","false","2025-08-05T20:09:21.053Z"
"brindagroup.se","https://brindagroup.se",3,"blacklist_match","","group",0,0,"false","false","false",0,"inactive","","","","","false","",0,"false","false","false","false","false","false","2025-08-05T20:09:23.443Z"
"nybladsallservice.se","https://nybladsallservice.se",3,"blacklist_match","","service",0,0,"false","false","false",0,"inactive","","","","","false","",0,"false","false","false","false","false","false","2025-08-05T20:09:24.232Z"
"jtrmy.ee","https://jtrmy.ee",3,"blacklist_match","","my",0,0,"false","false","false",0,"inactive","","","","","false","",0,"false","false","false","false","false","false","2025-08-05T20:09:25.024Z"
"cleanforce.nu","https://cleanforce.nu",3,"blacklist_match","","cl",0,0,"false","false","false",0,"inactive","","","","","false","",0,"false","false","false","false","false","false","2025-08-05T20:09:25.818Z"
"festclassicrockband.sk","https://festclassicrockband.sk",3,"blacklist_match","","cl",0,0,"false","false","false",0,"inactive","","","","","false","",0,"false","false","false","false","false","false","2025-08-05T20:09:26.612Z"
"ergonomiclight.se","https://ergonomiclight.se",3,"blacklist_match","","cl",0,0,"false","false","false",0,"inactive","","","","","false","",0,"false","false","false","false","false","false","2025-08-05T20:09:27.393Z"
"bonclaire.se","https://bonclaire.se",3,"blacklist_match","","cl",0,0,"false","false","false",0,"inactive","","","","","false","",0,"false","false","false","false","false","false","2025-08-05T20:09:28.183Z"
"mbcleanupratovaciesluzby.sk","https://mbcleanupratovaciesluzby.sk",3,"blacklist_match","","cl",0,0,"false","false","false",0,"inactive","","","","","false","",0,"false","false","false","false","false","false","2025-08-05T20:09:30.738Z"
"click2drop.se","https://click2drop.se",3,"blacklist_match","","click;cl",0,0,"false","false","false",0,"inactive","","","","","false","",0,"false","false","false","false","false","false","2025-08-05T20:09:31.529Z"
"bothniabaygroup.se","https://bothniabaygroup.se",3,"blacklist_match","","group",0,0,"false","false","false",0,"inactive","","","","","false","",0,"false","false","false","false","false","false","2025-08-05T20:09:33.093Z"
"znamy-podolog.sk","https://znamy-podolog.sk",3,"blacklist_match","","my",0,0,"false","false","false",0,"inactive","","","","","false","",0,"false","false","false","false","false","false","2025-08-05T20:09:33.876Z"
"businessinstitute.sk","https://businessinstitute.sk",3,"blacklist_match","","business",0,0,"false","false","false",0,"inactive","","","","","false","",0,"false","false","false","false","false","false","2025-08-05T20:09:34.660Z"
"webenta.sk","https://webenta.sk",3,"blacklist_match","","web",0,0,"false","false","false",0,"inactive","","","","","false","",0,"false","false","false","false","false","false","2025-08-05T20:09:35.453Z"
"hartongroup.sk","https://hartongroup.sk",3,"blacklist_match","","group",0,0,"false","false","false",0,"inactive","","","","","false","",0,"false","false","false","false","false","false","2025-08-05T20:09:37.807Z"
"amyha.ee","https://amyha.ee",3,"blacklist_match","","my",0,0,"false","false","false",0,"inactive","","","","","false","",0,"false","false","false","false","false","false","2025-08-05T20:09:38.599Z"
"maildemon.se","https://maildemon.se",3,"blacklist_match","","mail",0,0,"false","false","false",0,"inactive","","","","","false","",0,"false","false","false","false","false","false","2025-08-05T20:09:40.183Z"
"skodaekonomyservis.sk","https://skodaekonomyservis.sk",3,"blacklist_match","","my",0,0,"false","false","false",0,"inactive","","","","","false","",0,"false","false","false","false","false","false","2025-08-05T20:09:40.985Z"
"alephcircle.se","https://alephcircle.se",3,"blacklist_match","","cl",0,0,"false","false","false",0,"inactive","","","","","false","",0,"false","false","false","false","false","false","2025-08-05T20:09:42.564Z"
"beyond-business.se","https://beyond-business.se",3,"blacklist_match","","business",0,0,"false","false","false",0,"inactive","","","","","false","",0,"false","false","false","false","false","false","2025-08-05T20:09:44.170Z"
"childrensclinic.sk","https://childrensclinic.sk",3,"blacklist_match","","cl",0,0,"false","false","false",0,"inactive","","","","","false","",0,"false","false","false","false","false","false","2025-08-05T20:09:44.973Z"